candidate_rank,sample_index,sample_name,muIsoCut,egmIsoCut,S_A,S_A_Unc,B_A,B_A_Unc,AsimovSig,signalEff,S_B,S_C,S_D
1,0,2Mu2E_200GeV_0p25GeV_0p1mm_info,0.21428571428571427,0.10714285714285714,12.74707049608355,0.6310740265923792,124.99372482680053,39.44477610084238,1.1215618305187998,0.7698113207547169,0.12497127937336815,3.592924281984334,0.0937284595300261
1,1,2Mu2E_200GeV_1p2GeV_0p48mm_info,0.21428571428571427,0.10714285714285714,5.964814589665654,0.46577376671806364,124.99372482680053,39.44477610084238,0.5293614749192127,0.7420814479638008,0.18185410334346505,1.8549118541033434,0.03637082066869301
1,2,2Mu2E_200GeV_5p0GeV_2p0mm_info,0.21428571428571427,0.10714285714285714,5.2659363295880155,0.4434718396176521,124.99372482680053,39.44477610084238,0.46776096962133423,0.746031746031746,0.11204119850187266,1.643270911360799,0.03734706616729089
1,3,2Mu2E_500GeV_0p25GeV_0p04mm_info,0.21428571428571427,0.10714285714285714,15.063444945267225,0.4398203283659155,124.99372482680053,39.44477610084238,1.3215616947926965,0.8995398773006135,0.06420905773771196,1.605226443442799,0.012841811547542391
1,4,2Mu2E_500GeV_1p2GeV_0p19mm_info,0.21428571428571427,0.10714285714285714,11.508357705286839,0.3935775291225559,124.99372482680053,39.44477610084238,1.0141455994121538,0.8850931677018634,0.06730033745781777,1.4267671541057367,0.0
1,5,2Mu2E_500GeV_5p0GeV_0p8mm_info,0.21428571428571427,0.10714285714285714,7.414769942196532,0.32026928180066555,124.99372482680053,39.44477610084238,0.6568136788591373,0.7679083094555874,0.013833526011560694,2.213364161849711,0.013833526011560694
1,6,2Mu2E_800GeV_0p25GeV_0p025mm_info,0.21428571428571427,0.10714285714285714,11.514900793650794,0.36972118261445974,124.99372482680053,39.44477610084238,1.014713847812899,0.9211775878442545,0.02374206349206349,0.9496825396825397,0.011871031746031746
1,7,2Mu2E_800GeV_1p2GeV_0p12mm_info,0.21428571428571427,0.10714285714285714,6.903461538461538,2.8183263713599525,124.99372482680053,39.44477610084238,0.6119228617300045,0.8571428571428571,0.0,1.150576923076923,0.0
1,8,2Mu2E_800GeV_5p0GeV_0p5mm_info,0.21428571428571427,0.10714285714285714,7.07886234357224,0.6941395619983077,124.99372482680053,39.44477610084238,0.6273289010994139,0.8253968253968252,0.13613196814562,1.3613196814562,0.0
1,9,2Mu2E_1000GeV_0p25GeV_0p02mm_info,0.21428571428571427,0.10714285714285714,7.556000779575131,0.2968277438826897,124.99372482680053,39.44477610084238,0.6692029385278025,0.9257142857142856,0.04664198012083414,0.5597037614500097,0.0
1,10,2Mu2E_1000GeV_1p2GeV_0p096mm_info,0.21428571428571427,0.10714285714285714,9.636650197628459,0.33755713359889183,124.99372482680053,39.44477610084238,0.8512155196046184,0.9188275084554679,0.047296442687747034,0.8040395256916996,0.0
1,11,2Mu2E_1000GeV_5p0GeV_0p4mm_info,0.21428571428571427,0.10714285714285714,6.842904858299595,0.28788317105473765,124.99372482680053,39.44477610084238,0.6066023732416803,0.814121037463977,0.04844534412955465,1.5018056680161942,0.012111336032388663
1,12,2Mu2E_200GeV_0p25GeV_1p0mm_info,0.21428571428571427,0.10714285714285714,14.895435684647303,0.679880510695728,124.99372482680053,39.44477610084238,1.307093087896999,0.7655502392344499,0.5585788381742739,3.8790197095435683,0.12412863070539419
1,13,2Mu2E_200GeV_1p2GeV_4p8mm_info,0.21428571428571427,0.10714285714285714,7.338303990610329,0.50760110105513,124.99372482680053,39.44477610084238,0.6501039731104197,0.7157534246575342,0.31600352112676056,2.59825117370892,0.0
1,14,2Mu2E_200GeV_5p0GeV_20p0mm_info,0.21428571428571427,0.10714285714285714,5.317395898073337,0.4446629833808307,124.99372482680053,39.44477610084238,0.4723004817589084,0.55,0.18592293349906774,4.015935363579863,0.14873834679925418
1,15,2Mu2E_500GeV_0p25GeV_0p4mm_info,0.21428571428571427,0.10714285714285714,17.406527288732395,0.6770354442856298,124.99372482680053,39.44477610084238,1.522738464943249,0.8896366083445492,0.1316681338028169,2.0276892605633803,0.0
1,16,2Mu2E_500GeV_1p2GeV_1p9mm_info,0.21428571428571427,0.10714285714285714,13.772088156723063,0.42829156832875037,124.99372482680053,39.44477610084238,1.2102020560541311,0.8489326765188834,0.1864692787177204,2.250950578806768,0.013319234194122885
1,17,2Mu2E_500GeV_5p0GeV_8p0mm_info,0.21428571428571427,0.10714285714285714,9.432410632447295,0.359607284059568,124.99372482680053,39.44477610084238,0.8333908480972501,0.6825396825396824,0.1233890925756187,4.222648945921173,0.04112969752520623
1,18,2Mu2E_800GeV_0p25GeV_0p25mm_info,0.21428571428571427,0.10714285714285714,10.741819652244237,0.36047186518103624,124.99372482680053,39.44477610084238,0.9475105297784864,0.8960645812310797,0.06048321876263647,1.1854710877476748,0.0
1,19,2Mu2E_800GeV_1p2GeV_1p2mm_info,0.21428571428571427,0.10714285714285714,11.244774994909386,0.3701262773681674,124.99372482680053,39.44477610084238,0.9912465881538369,0.8773764258555132,0.08527998371003868,1.4619425778863775,0.024365709631439626
1,20,2Mu2E_800GeV_5p0GeV_5p0mm_info,0.21428571428571427,0.10714285714285714,10.440134228187919,2.047478775156083,124.99372482680053,39.44477610084238,0.9212504316812241,0.7878787878787878,0.0,2.8108053691275168,0.0
1,21,2Mu2E_1000GeV_0p25GeV_0p2mm_info,0.21428571428571427,0.10714285714285714,7.359525683920488,0.29438102735681954,124.99372482680053,39.44477610084238,0.6519662564763131,0.8992805755395685,0.03532572328281834,0.7889411533162763,0.0
1,22,2Mu2E_1000GeV_1p2GeV_0p96mm_info,0.21428571428571427,0.10714285714285714,8.075214723926381,1.2173844245825984,124.99372482680053,39.44477610084238,0.7147122329431147,0.9361702127659575,0.0,0.5505828220858896,0.0
1,23,2Mu2E_1000GeV_5p0GeV_4p0mm_info,0.21428571428571427,0.10714285714285714,8.542261564820103,0.38202155081042954,124.99372482680053,39.44477610084238,0.755598255243251,0.7518796992481204,0.06833809251856082,2.733523700742433,0.017084523129640206
1,24,2Mu2E_200GeV_0p25GeV_5p0mm_info,0.21428571428571427,0.10714285714285714,6.326329740751529,0.33204619807320274,124.99372482680053,39.44477610084238,0.5611829550544665,0.7925764192139738,0.4008418293038159,1.2199533935333526,0.03485581124381008
1,25,2Mu2E_200GeV_1p2GeV_24p0mm_info,0.21428571428571427,0.10714285714285714,3.5632088888888886,0.43531525008100325,124.99372482680053,39.44477610084238,0.31721454437356333,0.7790697674418604,0.10636444444444444,0.8509155555555555,0.05318222222222222
1,26,2Mu2E_200GeV_5p0GeV_100p0mm_info,0.21428571428571427,0.10714285714285714,2.1748610121168923,0.30454145607962846,124.99372482680053,39.44477610084238,0.1939702861101721,0.5604395604395604,0.0,1.57784034212402,0.12793300071275837
1,27,2Mu2E_500GeV_0p25GeV_2p0mm_info,0.21428571428571427,0.10714285714285714,4.580287081339713,0.8096880137491127,124.99372482680053,39.44477610084238,0.407218976424924,0.888888888888889,0.0,0.5725358851674641,0.0
1,28,2Mu2E_500GeV_1p2GeV_9p6mm_info,0.21428571428571427,0.10714285714285714,4.877766009852216,0.2681062672418332,124.99372482680053,39.44477610084238,0.43349912754323644,0.901907356948229,0.1031551724137931,0.4273571428571428,0.0
1,29,2Mu2E_500GeV_5p0GeV_40p0mm_info,0.21428571428571427,0.10714285714285714,3.9250177304964535,0.24388873487491428,124.99372482680053,39.44477610084238,0.3492593185601587,0.7551020408163265,0.045463525835866256,1.2123606889564336,0.01515450861195542
1,30,2Mu2E_800GeV_0p25GeV_1p2mm_info,0.21428571428571427,0.10714285714285714,2.9915000000000003,0.1976838843261401,124.99372482680053,39.44477610084238,0.2665177957228603,0.8910505836575875,0.026126637554585153,0.339646288209607,0.0
1,31,2Mu2E_800GeV_1p2GeV_6p0mm_info,0.21428571428571427,0.10714285714285714,3.6660539215686274,0.7332107843137254,124.99372482680053,39.44477610084238,0.32632641053045336,0.8928571428571429,0.0,0.4399264705882353,0.0
1,32,2Mu2E_800GeV_5p0GeV_25p0mm_info,0.21428571428571427,0.10714285714285714,3.3192978821362797,0.21381477257763284,124.99372482680053,39.44477610084238,0.29559476911806415,0.806020066889632,0.04131906077348066,0.7575161141804788,0.0
1,33,2Mu2E_1000GeV_0p25GeV_1p0mm_info,0.21428571428571427,0.10714285714285714,1.8072452669644756,0.1516606537906511,124.99372482680053,39.44477610084238,0.16126177775046047,0.9342105263157895,0.025454158689640502,0.10181663475856201,0.0
1,34,2Mu2E_1000GeV_1p2GeV_4p8mm_info,0.21428571428571427,0.10714285714285714,2.8755704697986575,0.19299565330000057,124.99372482680053,39.44477610084238,0.25622843392687067,0.8879999999999999,0.06476510067114094,0.2979194630872483,0.0
1,35,2Mu2E_1000GeV_5p0GeV_20p0mm_info,0.21428571428571427,0.10714285714285714,2.943336314847943,0.19843969386535487,124.99372482680053,39.44477610084238,0.2622433908721369,0.8396946564885496,0.05351520572450805,0.5083944543828265,0.0
1,36,2Mu2E_200GeV_0p25GeV_10p0mm_info,0.21428571428571427,0.10714285714285714,2.2194238358326754,0.32373623894395775,124.99372482680053,39.44477610084238,0.19793310473028236,0.6811594202898551,0.14166535122336227,0.7555485398579321,0.14166535122336227
1,37,2Mu2E_200GeV_1p2GeV_48p0mm_info,0.21428571428571427,0.10714285714285714,1.9562942779291552,0.32604904632152587,124.99372482680053,39.44477610084238,0.17452718167576425,0.6792452830188679,0.10868301544050862,0.8151226158038147,0.0
1,38,2Mu2E_200GeV_5p0GeV_200p0mm_info,0.21428571428571427,0.10714285714285714,1.4667211440245147,0.29939319981760476,124.99372482680053,39.44477610084238,0.13093549334115243,0.5853658536585367,0.06111338100102145,0.9167007150153217,0.06111338100102145
1,39,2Mu2E_500GeV_0p25GeV_4p0mm_info,0.21428571428571427,0.10714285714285714,2.744495412844037,0.23195219752480345,124.99372482680053,39.44477610084238,0.24459107288136037,0.9090909090909091,0.07841415465268677,0.1960353866317169,0.0
1,40,2Mu2E_500GeV_1p2GeV_19p0mm_info,0.21428571428571427,0.10714285714285714,2.5969946984758114,0.22690048031855256,124.99372482680053,39.44477610084238,0.23149060752323686,0.891156462585034,0.039648774022531474,0.2775414181577203,0.0
1,41,2Mu2E_500GeV_5p0GeV_80p0mm_info,0.21428571428571427,0.10714285714285714,1.9149004267425318,0.20184822803116015,124.99372482680053,39.44477610084238,0.17084363885564102,0.7758620689655172,0.021276671408250354,0.5319167852062588,0.0
1,42,2Mu2E_800GeV_0p25GeV_2p5mm_info,0.21428571428571427,0.10714285714285714,1.594298682284041,0.16712791338440955,124.99372482680053,39.44477610084238,0.14230043971995882,0.9479166666666666,0.017519765739385067,0.07007906295754027,0.0
1,43,2Mu2E_800GeV_1p2GeV_12p0mm_info,0.21428571428571427,0.10714285714285714,1.9877076411960133,0.18952048742379995,124.99372482680053,39.44477610084238,0.177322316483145,0.9243697478991597,0.0,0.16263062518876473,0.0
1,44,2Mu2E_800GeV_5p0GeV_50p0mm_info,0.21428571428571427,0.10714285714285714,1.6215607476635514,0.173849560357104,124.99372482680053,39.44477610084238,0.14472852130319572,0.7909090909090909,0.07455451713395639,0.35413395638629286,0.0
1,45,2Mu2E_1000GeV_0p25GeV_2p0mm_info,0.21428571428571427,0.10714285714285714,0.7030945719082261,0.15342781411819134,124.99372482680053,39.44477610084238,0.06282944845005685,0.9545454545454545,0.0,0.03348069390039172,0.0
1,46,2Mu2E_1000GeV_1p2GeV_9p6mm_info,0.21428571428571427,0.10714285714285714,1.6887499999999998,0.17058951096125458,124.99372482680053,39.44477610084238,0.15071195221599404,0.9245283018867925,0.017232142857142856,0.12062499999999998,0.0
1,47,2Mu2E_1000GeV_5p0GeV_40p0mm_info,0.21428571428571427,0.10714285714285714,1.462511111111111,0.22048184578551505,124.99372482680053,39.44477610084238,0.13056038722574392,0.8,0.03323888888888889,0.33238888888888884,0.0
2,0,2Mu2E_200GeV_0p25GeV_0p1mm_info,0.3214285714285714,0.10714285714285714,12.809556135770235,0.6326188857622305,194.83401512725152,52.847387882359804,0.9079120076892924,0.7735849056603774,0.06248563968668407,3.68665274151436,0.0
2,1,2Mu2E_200GeV_1p2GeV_0p48mm_info,0.3214285714285714,0.10714285714285714,6.037556231003039,0.4686052442674555,194.83401512725152,52.847387882359804,0.43033691885725006,0.751131221719457,0.10911246200607902,1.8912826747720364,0.0
2,2,2Mu2E_200GeV_5p0GeV_2p0mm_info,0.3214285714285714,0.10714285714285714,5.303283395755306,0.44504165634822157,194.83401512725152,52.847387882359804,0.3782333889073894,0.7513227513227513,0.07469413233458178,1.643270911360799,0.03734706616729089
2,3,2Mu2E_500GeV_0p25GeV_0p04mm_info,0.3214285714285714,0.10714285714285714,15.076286756814767,0.4400077651220764,194.83401512725152,52.847387882359804,1.066596240493756,0.9003067484662576,0.051367246190169566,1.6180682549903413,0.0
2,4,2Mu2E_500GeV_1p2GeV_0p19mm_info,0.3214285714285714,0.10714285714285714,11.548737907761529,0.394267411385786,194.83401512725152,52.847387882359804,0.8193962629401503,0.8881987577639752,0.02692013498312711,1.4267671541057367,0.0
2,5,2Mu2E_500GeV_5p0GeV_0p8mm_info,0.3214285714285714,0.10714285714285714,7.414769942196532,0.32026928180066555,194.83401512725152,52.847387882359804,0.5278918092925544,0.7679083094555874,0.013833526011560694,2.213364161849711,0.013833526011560694
2,6,2Mu2E_800GeV_0p25GeV_0p025mm_info,0.3214285714285714,0.10714285714285714,11.514900793650794,0.36972118261445974,194.83401512725152,52.847387882359804,0.817018236421684,0.9211775878442545,0.02374206349206349,0.9496825396825397,0.011871031746031746
2,7,2Mu2E_800GeV_1p2GeV_0p12mm_info,0.3214285714285714,0.10714285714285714,6.903461538461538,2.8183263713599525,194.83401512725152,52.847387882359804,0.49169929063265183,0.8571428571428571,0.0,1.150576923076923,0.0
2,8,2Mu2E_800GeV_5p0GeV_0p5mm_info,0.3214285714285714,0.10714285714285714,7.146928327645051,0.6974687876306743,194.83401512725152,52.847387882359804,0.5089366947296232,0.8333333333333333,0.06806598407281,1.3613196814562,0.0
2,9,2Mu2E_1000GeV_0p25GeV_0p02mm_info,0.3214285714285714,0.10714285714285714,7.5793217696355475,0.2972854584859251,194.83401512725152,52.847387882359804,0.5395329573740677,0.9285714285714286,0.02332099006041707,0.5597037614500097,0.0
2,10,2Mu2E_1000GeV_1p2GeV_0p096mm_info,0.3214285714285714,0.10714285714285714,9.672122529644268,0.3381778337251671,194.83401512725152,52.847387882359804,0.6873123118894484,0.9222096956031568,0.011824110671936758,0.8040395256916996,0.0
2,11,2Mu2E_1000GeV_5p0GeV_0p4mm_info,0.3214285714285714,0.10714285714285714,6.842904858299595,0.28788317105473765,194.83401512725152,52.847387882359804,0.4874108089674079,0.814121037463977,0.04844534412955465,1.513917004048583,0.0
2,12,2Mu2E_200GeV_0p25GeV_1p0mm_info,0.3214285714285714,0.10714285714285714,15.17472510373444,0.6862247897841725,194.83401512725152,52.847387882359804,1.073474439225647,0.7799043062200957,0.27928941908713695,4.003148340248963,0.0
2,13,2Mu2E_200GeV_1p2GeV_4p8mm_info,0.3214285714285714,0.10714285714285714,7.548973004694836,0.514835685801729,194.83401512725152,52.847387882359804,0.5373861851498377,0.7363013698630136,0.10533450704225353,2.59825117370892,0.0
2,14,2Mu2E_200GeV_5p0GeV_20p0mm_info,0.3214285714285714,0.10714285714285714,5.428949658172778,0.4493030706029604,194.83401512725152,52.847387882359804,0.38715511059153646,0.5615384615384615,0.07436917339962709,4.164673710379117,0.0
2,15,2Mu2E_500GeV_0p25GeV_0p4mm_info,0.3214285714285714,0.10714285714285714,17.511861795774646,0.6790808732489074,194.83401512725152,52.847387882359804,1.2364613906518225,0.8950201884253027,0.02633362676056338,2.0276892605633803,0.0
2,16,2Mu2E_500GeV_1p2GeV_1p9mm_info,0.3214285714285714,0.10714285714285714,13.865322796081923,0.42973885267465156,194.83401512725152,52.847387882359804,0.9818936411239586,0.8546798029556649,0.0932346393588602,2.2642698130008907,0.0
2,17,2Mu2E_500GeV_5p0GeV_8p0mm_info,0.3214285714285714,0.10714285714285714,9.48725022914757,0.3606511390391843,194.83401512725152,52.847387882359804,0.6742783277663608,0.6865079365079364,0.06854949587534372,4.236358845096242,0.027419798350137487
2,18,2Mu2E_800GeV_0p25GeV_0p25mm_info,0.3214285714285714,0.10714285714285714,10.766012939749292,0.36087757365517503,194.83401512725152,52.847387882359804,0.7643539317636291,0.8980827447023209,0.036289931257581884,1.1854710877476748,0.0
2,19,2Mu2E_800GeV_1p2GeV_1p2mm_info,0.3214285714285714,0.10714285714285714,11.281323559356547,0.37072729472322413,194.83401512725152,52.847387882359804,0.8005991809736023,0.8802281368821293,0.04873141926287925,1.4619425778863775,0.024365709631439626
2,20,2Mu2E_800GeV_5p0GeV_5p0mm_info,0.3214285714285714,0.10714285714285714,10.440134228187919,2.047478775156083,194.83401512725152,52.847387882359804,0.7414169978148311,0.7878787878787878,0.0,2.8108053691275168,0.0
2,21,2Mu2E_1000GeV_0p25GeV_0p2mm_info,0.3214285714285714,0.10714285714285714,7.3713009250147605,0.2946164380520625,194.83401512725152,52.847387882359804,0.5248160836779949,0.9007194244604317,0.023550482188545562,0.7889411533162763,0.0
2,22,2Mu2E_1000GeV_1p2GeV_0p96mm_info,0.3214285714285714,0.10714285714285714,8.075214723926381,1.2173844245825984,194.83401512725152,52.847387882359804,0.5745955679901774,0.9361702127659575,0.0,0.5505828220858896,0.0
2,23,2Mu2E_1000GeV_5p0GeV_4p0mm_info,0.3214285714285714,0.10714285714285714,8.576430611079383,0.3827848313932254,194.83401512725152,52.847387882359804,0.6100054312665105,0.7548872180451127,0.03416904625928041,2.733523700742433,0.017084523129640206
2,24,2Mu2E_200GeV_0p25GeV_5p0mm_info,0.3214285714285714,0.10714285714285714,6.622604136323915,0.3397324239148967,194.83401512725152,52.847387882359804,0.47180599712799687,0.8296943231441047,0.10456743373143024,1.2548092047771628,0.0
2,25,2Mu2E_200GeV_1p2GeV_24p0mm_info,0.3214285714285714,0.10714285714285714,3.616391111111111,0.438551839254586,194.83401512725152,52.847387882359804,0.2582900752574718,0.7906976744186046,0.05318222222222222,0.8509155555555555,0.05318222222222222
2,26,2Mu2E_200GeV_5p0GeV_100p0mm_info,0.3214285714285714,0.10714285714285714,2.1748610121168923,0.30454145607962846,194.83401512725152,52.847387882359804,0.15552282217719038,0.5604395604395604,0.0,1.7057733428367783,0.0
2,27,2Mu2E_500GeV_0p25GeV_2p0mm_info,0.3214285714285714,0.10714285714285714,4.580287081339713,0.8096880137491127,194.83401512725152,52.847387882359804,0.32686759804684556,0.888888888888889,0.0,0.5725358851674641,0.0
2,28,2Mu2E_500GeV_1p2GeV_9p6mm_info,0.3214285714285714,0.10714285714285714,4.907238916256158,0.2689150360993171,194.83401512725152,52.847387882359804,0.35010381670322027,0.9073569482288829,0.07368226600985221,0.4273571428571428,0.0
2,29,2Mu2E_500GeV_5p0GeV_40p0mm_info,0.3214285714285714,0.10714285714285714,3.940172239108409,0.24435910895678936,194.83401512725152,52.847387882359804,0.28133824731027135,0.7580174927113703,0.03030901722391084,1.227515197568389,0.0
2,30,2Mu2E_800GeV_0p25GeV_1p2mm_info,0.3214285714285714,0.10714285714285714,3.017626637554585,0.19854525609347878,194.83401512725152,52.847387882359804,0.21563427062121204,0.8988326848249028,0.0,0.339646288209607,0.0
2,31,2Mu2E_800GeV_1p2GeV_6p0mm_info,0.3214285714285714,0.10714285714285714,3.6660539215686274,0.7332107843137254,194.83401512725152,52.847387882359804,0.2618261083448078,0.8928571428571429,0.0,0.4399264705882353,0.0
2,32,2Mu2E_800GeV_5p0GeV_25p0mm_info,0.3214285714285714,0.10714285714285714,3.3192978821362797,0.21381477257763284,194.83401512725152,52.847387882359804,0.23713061903606525,0.806020066889632,0.04131906077348066,0.7575161141804788,0.0
2,33,2Mu2E_1000GeV_0p25GeV_1p0mm_info,0.3214285714285714,0.10714285714285714,1.8199723463092958,0.15219373330350067,194.83401512725152,52.847387882359804,0.13018422429815507,0.9407894736842105,0.012727079344820251,0.10181663475856201,0.0
2,34,2Mu2E_1000GeV_1p2GeV_4p8mm_info,0.3214285714285714,0.10714285714285714,2.9014765100671136,0.19386305386506594,194.83401512725152,52.847387882359804,0.20735478278041744,0.8959999999999999,0.03885906040268456,0.2979194630872483,0.0
2,35,2Mu2E_1000GeV_5p0GeV_20p0mm_info,0.3214285714285714,0.10714285714285714,2.943336314847943,0.19843969386535487,194.83401512725152,52.847387882359804,0.21033884724656143,0.8396946564885496,0.05351520572450805,0.5083944543828265,0.0
2,36,2Mu2E_200GeV_0p25GeV_10p0mm_info,0.3214285714285714,0.10714285714285714,2.361089187056038,0.33390843503071144,194.83401512725152,52.847387882359804,0.16881318344632784,0.7246376811594203,0.0,0.8972138910812945,0.0
2,37,2Mu2E_200GeV_1p2GeV_48p0mm_info,0.3214285714285714,0.10714285714285714,2.064977293369664,0.33498355113318246,194.83401512725152,52.847387882359804,0.1476788936465829,0.7169811320754716,0.0,0.8151226158038147,0.0
2,38,2Mu2E_200GeV_5p0GeV_200p0mm_info,0.3214285714285714,0.10714285714285714,1.5278345250255363,0.30556690500510725,194.83401512725152,52.847387882359804,0.10931450795884473,0.6097560975609756,0.0,0.9167007150153217,0.06111338100102145
2,39,2Mu2E_500GeV_0p25GeV_4p0mm_info,0.3214285714285714,0.10714285714285714,2.8229095674967235,0.2352424639580603,194.83401512725152,52.847387882359804,0.20175340330809055,0.935064935064935,0.0,0.1960353866317169,0.0
2,40,2Mu2E_500GeV_1p2GeV_19p0mm_info,0.3214285714285714,0.10714285714285714,2.5969946984758114,0.22690048031855256,194.83401512725152,52.847387882359804,0.1856428067724668,0.891156462585034,0.039648774022531474,0.2775414181577203,0.0
2,41,2Mu2E_500GeV_5p0GeV_80p0mm_info,0.3214285714285714,0.10714285714285714,1.9149004267425318,0.20184822803116015,194.83401512725152,52.847387882359804,0.13696346156025038,0.7758620689655172,0.021276671408250354,0.5319167852062588,0.0
2,42,2Mu2E_800GeV_0p25GeV_2p5mm_info,0.3214285714285714,0.10714285714285714,1.594298682284041,0.16712791338440955,194.83401512725152,52.847387882359804,0.11406347825674217,0.9479166666666666,0.017519765739385067,0.07007906295754027,0.0
2,43,2Mu2E_800GeV_1p2GeV_12p0mm_info,0.3214285714285714,0.10714285714285714,1.9877076411960133,0.18952048742379995,194.83401512725152,52.847387882359804,0.14216220983574587,0.9243697478991597,0.0,0.16263062518876473,0.0
2,44,2Mu2E_800GeV_5p0GeV_50p0mm_info,0.3214285714285714,0.10714285714285714,1.6401993769470407,0.17484584106556747,194.83401512725152,52.847387882359804,0.11734284338274754,0.7999999999999999,0.05591588785046729,0.35413395638629286,0.0
2,45,2Mu2E_1000GeV_0p25GeV_2p0mm_info,0.3214285714285714,0.10714285714285714,0.7030945719082261,0.15342781411819134,194.83401512725152,52.847387882359804,0.05034084058932295,0.9545454545454545,0.0,0.03348069390039172,0.0
2,46,2Mu2E_1000GeV_1p2GeV_9p6mm_info,0.3214285714285714,0.10714285714285714,1.7059821428571427,0.17145765657283718,194.83401512725152,52.847387882359804,0.12204223321957847,0.9339622641509434,0.0,0.12062499999999998,0.0
2,47,2Mu2E_1000GeV_5p0GeV_40p0mm_info,0.3214285714285714,0.10714285714285714,1.49575,0.22297324515635403,194.83401512725152,52.847387882359804,0.10702182547187424,0.8181818181818182,0.0,0.33238888888888884,0.0
3,0,2Mu2E_200GeV_0p25GeV_0p1mm_info,0.10714285714285714,0.21428571428571427,14.215483028720627,0.6664321235147693,181.17866133454413,117.39169408258776,1.0427296913661854,0.8584905660377359,0.781070496083551,1.4371697127937337,0.12497127937336815
3,1,2Mu2E_200GeV_1p2GeV_0p48mm_info,0.10714285714285714,0.21428571428571427,6.328522796352583,0.47976407506593843,181.17866133454413,117.39169408258776,0.467465376840034,0.7873303167420814,0.8001580547112462,0.7637872340425532,0.14548328267477204
3,2,2Mu2E_200GeV_5p0GeV_2p0mm_info,0.10714285714285714,0.21428571428571427,5.714101123595506,0.4619576958440162,181.17866133454413,117.39169408258776,0.4223137154982732,0.8095238095238095,0.5602059925093633,0.672247191011236,0.11204119850187266
3,3,2Mu2E_500GeV_0p25GeV_0p04mm_info,0.10714285714285714,0.21428571428571427,15.41017385705087,0.4448534012313627,181.17866133454413,117.39169408258776,1.1291843587900277,0.9202453987730062,0.30820347714101737,1.0273449238033914,0.0
3,4,2Mu2E_500GeV_1p2GeV_0p19mm_info,0.10714285714285714,0.21428571428571427,11.777559055118111,0.39815416582997754,181.17866133454413,117.39169408258776,0.8657554407030953,0.9057971014492754,0.2826614173228347,0.9287446569178853,0.013460067491563555
3,5,2Mu2E_500GeV_5p0GeV_0p8mm_info,0.10714285714285714,0.21428571428571427,8.064945664739884,0.33401592122981627,181.17866133454413,117.39169408258776,0.5948023249924277,0.8352435530085959,0.11066820809248555,1.4663537572254335,0.013833526011560694
3,6,2Mu2E_800GeV_0p25GeV_0p025mm_info,0.10714285714285714,0.21428571428571427,11.621740079365079,0.37143242376813623,181.17866133454413,117.39169408258776,0.8544187971654111,0.929724596391263,0.1068392857142857,0.7716170634920635,0.0
3,7,2Mu2E_800GeV_1p2GeV_0p12mm_info,0.10714285714285714,0.21428571428571427,6.903461538461538,2.8183263713599525,181.17866133454413,117.39169408258776,0.5096708055932128,0.8571428571428571,0.0,1.150576923076923,0.0
3,8,2Mu2E_800GeV_5p0GeV_0p5mm_info,0.10714285714285714,0.21428571428571427,7.4872582480091,0.7138820635497174,181.17866133454413,117.39169408258776,0.5524823674191611,0.8730158730158731,0.20419795221843,0.81679180887372,0.06806598407281
3,9,2Mu2E_1000GeV_0p25GeV_0p02mm_info,0.10714285714285714,0.21428571428571427,7.625963749756382,0.2981987800186056,181.17866133454413,117.39169408258776,0.5626475404062443,0.9342857142857144,0.09328396024166828,0.4430988111479243,0.0
3,10,2Mu2E_1000GeV_1p2GeV_0p096mm_info,0.10714285714285714,0.21428571428571427,9.766715415019762,0.33982749148428887,181.17866133454413,117.39169408258776,0.7192193557228374,0.9312288613303269,0.13006521739130433,0.5912055335968379,0.0
3,11,2Mu2E_1000GeV_5p0GeV_0p4mm_info,0.10714285714285714,0.21428571428571427,7.073020242914979,0.2926836601620094,181.17866133454413,117.39169408258776,0.522109626589706,0.8414985590778099,0.1332246963562753,1.1626882591093117,0.03633400809716599
3,12,2Mu2E_200GeV_0p25GeV_1p0mm_info,0.10714285714285714,0.21428571428571427,14.895435684647303,0.679880510695728,181.17866133454413,117.39169408258776,1.091956632711902,0.7655502392344496,2.7618620331950208,1.5516078838174274,0.24825726141078838
3,13,2Mu2E_200GeV_1p2GeV_4p8mm_info,0.10714285714285714,0.21428571428571427,7.197857981220658,0.5027202078731363,181.17866133454413,117.39169408258776,0.5312653245287158,0.7020547945205479,1.1937910798122067,1.7204636150234742,0.14044600938967136
3,14,2Mu2E_200GeV_5p0GeV_20p0mm_info,0.10714285714285714,0.21428571428571427,5.614872591671846,0.45693185125730573,181.17866133454413,117.39169408258776,0.41501711403352753,0.5807692307692308,1.1155376009944065,2.5657364822871345,0.3718458669981355
3,15,2Mu2E_500GeV_0p25GeV_0p4mm_info,0.10714285714285714,0.21428571428571427,17.69619718309859,0.6826456267354617,181.17866133454413,117.39169408258776,1.2941242491709295,0.9044414535666219,0.47400528169014083,1.3430149647887324,0.05266725352112676
3,16,2Mu2E_500GeV_1p2GeV_1p9mm_info,0.10714285714285714,0.21428571428571427,13.75876892252894,0.428084413990959,181.17866133454413,117.39169408258776,1.0096324231267149,0.848111658456486,0.5460886019590383,1.8646927871772039,0.05327693677649154
3,17,2Mu2E_500GeV_5p0GeV_8p0mm_info,0.10714285714285714,0.21428571428571427,10.323554078826763,0.37621122464525775,181.17866133454413,117.39169408258776,0.7598493511077747,0.7470238095238095,0.3838771769019248,3.0161778185151236,0.0959692942254812
3,18,2Mu2E_800GeV_0p25GeV_0p25mm_info,0.10714285714285714,0.21428571428571427,10.959559239789728,0.36410696753626565,181.17866133454413,117.39169408258776,0.8062074007665255,0.9142280524722503,0.13306308127780025,0.8709583501819652,0.02419328750505459
3,19,2Mu2E_800GeV_1p2GeV_1p2mm_info,0.10714285714285714,0.21428571428571427,11.342237833435146,0.3717268308988535,181.17866133454413,117.39169408258776,0.8340758553223272,0.8849809885931559,0.24365709631439625,1.1817369171248218,0.04873141926287925
3,20,2Mu2E_800GeV_5p0GeV_5p0mm_info,0.10714285714285714,0.21428571428571427,10.440134228187919,2.047478775156083,181.17866133454413,117.39169408258776,0.7683506658819319,0.7878787878787878,0.4015436241610738,2.409261744966443,0.0
3,21,2Mu2E_1000GeV_0p25GeV_0p2mm_info,0.10714285714285714,0.21428571428571427,7.465502853768943,0.2964929948466081,181.17866133454413,117.39169408258776,0.5508877746161125,0.9122302158273381,0.08242668765990947,0.6358630190907302,0.0
3,22,2Mu2E_1000GeV_1p2GeV_0p96mm_info,0.10714285714285714,0.21428571428571427,8.075214723926381,1.2173844245825984,181.17866133454413,117.39169408258776,0.5955542197375853,0.9361702127659575,0.0,0.5505828220858896,0.0
3,23,2Mu2E_1000GeV_5p0GeV_4p0mm_info,0.10714285714285714,0.21428571428571427,8.901036550542548,0.3899614914648843,181.17866133454413,117.39169408258776,0.655975827706731,0.7834586466165413,0.22209880068532267,2.1868189605939463,0.05125356938892062
3,24,2Mu2E_200GeV_0p25GeV_5p0mm_info,0.10714285714285714,0.21428571428571427,5.733780949606758,0.3161135764981055,181.17866133454413,117.39169408258776,0.4237606841973942,0.7183406113537117,1.812502184678124,0.3311302068161957,0.10456743373143024
3,25,2Mu2E_200GeV_1p2GeV_24p0mm_info,0.10714285714285714,0.21428571428571427,3.5100266666666666,0.4320544157772173,181.17866133454413,117.39169408258776,0.2599342898373937,0.7674418604651163,0.47864,0.47864,0.10636444444444444
3,26,2Mu2E_200GeV_5p0GeV_100p0mm_info,0.10714285714285714,0.21428571428571427,2.34543834640057,0.3162588421118557,181.17866133454413,117.39169408258776,0.17387513987802605,0.6043956043956044,0.46908766928011403,0.8955310049893086,0.17057733428367783
3,27,2Mu2E_500GeV_0p25GeV_2p0mm_info,0.10714285714285714,0.21428571428571427,4.866555023923445,0.8346073011210391,181.17866133454413,117.39169408258776,0.3599490712981474,0.9444444444444444,0.14313397129186603,0.14313397129186603,0.0
3,28,2Mu2E_500GeV_1p2GeV_9p6mm_info,0.10714285714285714,0.21428571428571427,4.730401477832512,0.2640252639514079,181.17866133454413,117.39169408258776,0.34992169879951324,0.8746594005449592,0.3536748768472906,0.3094655172413793,0.014736453201970442
3,29,2Mu2E_500GeV_5p0GeV_40p0mm_info,0.10714285714285714,0.21428571428571427,3.9250177304964535,0.24388873487491428,181.17866133454413,117.39169408258776,0.2905569188910555,0.7551020408163265,0.3333991894630192,0.8638069908814588,0.0757725430597771
3,30,2Mu2E_800GeV_0p25GeV_1p2mm_info,0.10714285714285714,0.21428571428571427,3.0045633187772927,0.1981150383482988,181.17866133454413,117.39169408258776,0.22260456623921696,0.8949416342412452,0.10450655021834061,0.24820305676855894,0.0
3,31,2Mu2E_800GeV_1p2GeV_6p0mm_info,0.10714285714285714,0.21428571428571427,3.8126960784313724,0.7477312193584713,181.17866133454413,117.39169408258776,0.28227085014130054,0.9285714285714286,0.1466421568627451,0.1466421568627451,0.0
3,32,2Mu2E_800GeV_5p0GeV_25p0mm_info,0.10714285714285714,0.21428571428571427,3.4983471454880295,0.219505822482497,181.17866133454413,117.39169408258776,0.2590721134367148,0.8494983277591973,0.12395718232044198,0.4958287292817679,0.0
3,33,2Mu2E_1000GeV_0p25GeV_1p0mm_info,0.10714285714285714,0.21428571428571427,1.7945181876196554,0.15112569390927005,181.17866133454413,117.39169408258776,0.13310052572732395,0.9276315789473685,0.06363539672410126,0.0763624760689215,0.0
3,34,2Mu2E_1000GeV_1p2GeV_4p8mm_info,0.10714285714285714,0.21428571428571427,2.9014765100671136,0.19386305386506594,181.17866133454413,117.39169408258776,0.21498715314499134,0.8960000000000001,0.1036241610738255,0.22020134228187918,0.012953020134228187
3,35,2Mu2E_1000GeV_5p0GeV_20p0mm_info,0.10714285714285714,0.21428571428571427,2.9567151162790695,0.19889018183185736,181.17866133454413,117.39169408258776,0.2190690869596552,0.8435114503816794,0.13378801431127013,0.36122763864042934,0.05351520572450805
3,36,2Mu2E_200GeV_0p25GeV_10p0mm_info,0.10714285714285714,0.21428571428571427,2.124980268350434,0.31677335539182105,181.17866133454413,117.39169408258776,0.1575635401750315,0.6521739130434782,0.9444356748224152,0.09444356748224152,0.09444356748224152
3,37,2Mu2E_200GeV_1p2GeV_48p0mm_info,0.10714285714285714,0.21428571428571427,2.0106357856494097,0.33054648700067435,181.17866133454413,117.39169408258776,0.14910066255083299,0.6981132075471699,0.4890735694822888,0.27170753860127156,0.10868301544050862
3,38,2Mu2E_200GeV_5p0GeV_200p0mm_info,0.10714285714285714,0.21428571428571427,1.4056077630234933,0.2930894791009193,181.17866133454413,117.39169408258776,0.10429188523023898,0.5609756097560975,0.3666802860061287,0.672247191011236,0.06111338100102145
3,39,2Mu2E_500GeV_0p25GeV_4p0mm_info,0.10714285714285714,0.21428571428571427,2.6268741808650065,0.22692736628241783,181.17866133454413,117.39169408258776,0.19468895984965262,0.8701298701298701,0.2352424639580603,0.15682830930537353,0.0
3,40,2Mu2E_500GeV_1p2GeV_19p0mm_info,0.10714285714285714,0.21428571428571427,2.577170311464546,0.22603278887899741,181.17866133454413,117.39169408258776,0.19101384277056613,0.8843537414965987,0.13877070907886016,0.17841948310139163,0.019824387011265737
3,41,2Mu2E_500GeV_5p0GeV_80p0mm_info,0.10714285714285714,0.21428571428571427,1.9361770981507822,0.20296650931997104,181.17866133454413,117.39169408258776,0.14358886970079227,0.7844827586206897,0.12766002844950214,0.38298008534850636,0.021276671408250354
3,42,2Mu2E_800GeV_0p25GeV_2p5mm_info,0.10714285714285714,0.21428571428571427,1.5592591508052709,0.16528113942341044,181.17866133454413,117.39169408258776,0.11567609524404374,0.9270833333333333,0.07007906295754027,0.0525592972181552,0.0
3,43,2Mu2E_800GeV_1p2GeV_12p0mm_info,0.10714285714285714,0.21428571428571427,1.9515675022651766,0.1877896704624209,181.17866133454413,117.39169408258776,0.14472820328589334,0.907563025210084,0.07228027786167321,0.1264904862579281,0.0
3,44,2Mu2E_800GeV_5p0GeV_50p0mm_info,0.10714285714285714,0.21428571428571427,1.6774766355140187,0.17682156299801324,181.17866133454413,117.39169408258776,0.12443279290973601,0.8181818181818182,0.09319314641744549,0.2609408099688474,0.018638629283489097
3,45,2Mu2E_1000GeV_0p25GeV_2p0mm_info,0.10714285714285714,0.21428571428571427,0.7030945719082261,0.15342781411819134,181.17866133454413,117.39169408258776,0.05220110450733206,0.9545454545454545,0.03348069390039172,0.0,0.0
3,46,2Mu2E_1000GeV_1p2GeV_9p6mm_info,0.10714285714285714,0.21428571428571427,1.6370535714285712,0.16795815254894017,181.17866133454413,117.39169408258776,0.12143875673078182,0.8962264150943396,0.08616071428571428,0.10339285714285713,0.0
3,47,2Mu2E_1000GeV_5p0GeV_40p0mm_info,0.10714285714285714,0.21428571428571427,1.5954666666666666,0.23028577737076872,181.17866133454413,117.39169408258776,0.11835828727924322,0.8727272727272729,0.03323888888888889,0.16619444444444442,0.03323888888888889
4,0,2Mu2E_200GeV_0p25GeV_0p1mm_info,0.10714285714285714,0.3214285714285714,14.496668407310706,0.6729909355840363,199.07954070399006,117.89112624355315,1.0153306372726614,0.8754716981132075,0.843556135770235,1.1559843342036553,0.06248563968668407
4,1,2Mu2E_200GeV_1p2GeV_0p48mm_info,0.10714285714285714,0.3214285714285714,6.583118541033435,0.4893193475601338,199.07954070399006,117.89112624355315,0.464035044681744,0.8190045248868779,0.8365288753799393,0.5091914893617021,0.10911246200607902
4,2,2Mu2E_200GeV_5p0GeV_2p0mm_info,0.10714285714285714,0.3214285714285714,5.826142322097379,0.4664647069215683,199.07954070399006,117.89112624355315,0.4109318797617242,0.8253968253968255,0.5975530586766542,0.5602059925093633,0.07469413233458178
4,3,2Mu2E_500GeV_0p25GeV_0p04mm_info,0.10714285714285714,0.3214285714285714,15.564275595621378,0.44707213520077815,199.07954070399006,117.89112624355315,1.089177105488177,0.9294478527607362,0.30820347714101737,0.8732431852328826,0.0
4,4,2Mu2E_500GeV_1p2GeV_0p19mm_info,0.10714285714285714,0.3214285714285714,11.871779527559056,0.3997436099375541,199.07954070399006,117.89112624355315,0.8332385978531747,0.9130434782608696,0.2826614173228347,0.8345241844769404,0.013460067491563555
4,5,2Mu2E_500GeV_5p0GeV_0p8mm_info,0.10714285714285714,0.3214285714285714,8.438450867052023,0.34166288877582396,199.07954070399006,117.89112624355315,0.5939142527490231,0.8739255014326647,0.11066820809248555,1.092848554913295,0.013833526011560694
4,6,2Mu2E_800GeV_0p25GeV_0p025mm_info,0.10714285714285714,0.3214285714285714,11.69296626984127,0.3725688846301635,199.07954070399006,117.89112624355315,0.8208065498885585,0.9354226020892688,0.1068392857142857,0.700390873015873,0.0
4,7,2Mu2E_800GeV_1p2GeV_0p12mm_info,0.10714285714285714,0.3214285714285714,8.054038461538461,3.044140402711432,199.07954070399006,117.89112624355315,0.5670361491142851,1.0,0.0,0.0,0.0
4,8,2Mu2E_800GeV_5p0GeV_0p5mm_info,0.10714285714285714,0.3214285714285714,7.6233902161547205,0.7203426663981545,199.07954070399006,117.89112624355315,0.5369054163711818,0.8888888888888888,0.27226393629124,0.6806598407281,0.0
4,9,2Mu2E_1000GeV_0p25GeV_0p02mm_info,0.10714285714285714,0.3214285714285714,7.695926719937633,0.29956354129079504,199.07954070399006,117.89112624355315,0.5419819740165011,0.942857142857143,0.09328396024166828,0.3731358409666731,0.0
4,10,2Mu2E_1000GeV_1p2GeV_0p096mm_info,0.10714285714285714,0.3214285714285714,9.81401185770751,0.3406493245864921,199.07954070399006,117.89112624355315,0.6899573288223794,0.935738444193912,0.13006521739130433,0.5439090909090909,0.0
4,11,2Mu2E_1000GeV_5p0GeV_0p4mm_info,0.10714285714285714,0.3214285714285714,7.242578947368421,0.2961710778801379,199.07954070399006,117.89112624355315,0.5102440857131353,0.861671469740634,0.14533603238866397,0.9931295546558704,0.024222672064777327
4,12,2Mu2E_200GeV_0p25GeV_1p0mm_info,0.10714285714285714,0.3214285714285714,15.236789419087136,0.6876266804992599,199.07954070399006,117.89112624355315,1.0665379863823787,0.7830940988835725,2.7928941908713694,1.2102541493775933,0.21722510373443984
4,13,2Mu2E_200GeV_1p2GeV_4p8mm_info,0.10714285714285714,0.3214285714285714,7.338303990610329,0.50760110105513,199.07954070399006,117.89112624355315,0.5169475273950722,0.7157534246575342,1.1937910798122067,1.580017605633803,0.14044600938967136
4,14,2Mu2E_200GeV_5p0GeV_20p0mm_info,0.10714285714285714,0.3214285714285714,6.172641392169049,0.4790898861528678,199.07954070399006,117.89112624355315,0.4352474987902863,0.6384615384615385,1.15272218769422,2.0079676817899315,0.33466128029832193
4,15,2Mu2E_500GeV_0p25GeV_0p4mm_info,0.10714285714285714,0.3214285714285714,17.9068661971831,0.6866969716606944,199.07954070399006,117.89112624355315,1.2507839486535572,0.9152086137281294,0.47400528169014083,1.1323459507042253,0.05266725352112676
4,16,2Mu2E_500GeV_1p2GeV_1p9mm_info,0.10714285714285714,0.3214285714285714,13.971876669634907,0.43138694636517344,199.07954070399006,117.89112624355315,0.9789853930757633,0.861247947454844,0.5460886019590383,1.6515850400712377,0.05327693677649154
4,17,2Mu2E_500GeV_5p0GeV_8p0mm_info,0.10714285714285714,0.3214285714285714,10.981629239230063,0.38801679041999076,199.07954070399006,117.89112624355315,0.7713156012974843,0.7946428571428572,0.4112969752520623,2.358102658111824,0.06854949587534372
4,18,2Mu2E_800GeV_0p25GeV_0p25mm_info,0.10714285714285714,0.3214285714285714,11.068429033562474,0.3659109767677587,199.07954070399006,117.89112624355315,0.7773576600488296,0.9233097880928355,0.13306308127780025,0.7620885564092196,0.02419328750505459
4,19,2Mu2E_800GeV_1p2GeV_1p2mm_info,0.10714285714285714,0.3214285714285714,11.524980655670943,0.37470944221091956,199.07954070399006,117.89112624355315,0.8091240788994342,0.8992395437262357,0.2558399511301161,0.9989940948890247,0.03654856444715944
4,20,2Mu2E_800GeV_5p0GeV_5p0mm_info,0.10714285714285714,0.3214285714285714,11.243221476510067,2.1247691401475763,199.07954070399006,117.89112624355315,0.7895222761072861,0.8484848484848485,0.4015436241610738,1.6061744966442952,0.0
4,21,2Mu2E_1000GeV_0p25GeV_0p2mm_info,0.10714285714285714,0.3214285714285714,7.606805746900217,0.2992857691689496,199.07954070399006,117.89112624355315,0.5357446479534197,0.9294964028776979,0.08242668765990947,0.4945601259594568,0.0
4,22,2Mu2E_1000GeV_1p2GeV_0p96mm_info,0.10714285714285714,0.3214285714285714,8.258742331288344,1.2311406174277215,199.07954070399006,117.89112624355315,0.5813511120667119,0.9574468085106383,0.0,0.3670552147239264,0.0
4,23,2Mu2E_1000GeV_5p0GeV_4p0mm_info,0.10714285714285714,0.3214285714285714,9.12313535122787,0.3947966779532102,199.07954070399006,117.89112624355315,0.6417461610606746,0.8030075187969925,0.22209880068532267,1.9647201599086237,0.05125356938892062
4,24,2Mu2E_200GeV_0p25GeV_5p0mm_info,0.10714285714285714,0.3214285714285714,5.820920477716283,0.3185065976055343,199.07954070399006,117.89112624355315,0.41056533108542953,0.7292576419213973,1.829930090300029,0.24399067870667054,0.08713952810952519
4,25,2Mu2E_200GeV_1p2GeV_24p0mm_info,0.10714285714285714,0.3214285714285714,3.5632088888888886,0.43531525008100325,199.07954070399006,117.89112624355315,0.251790938569191,0.7790697674418605,0.47864,0.42545777777777777,0.10636444444444444
4,26,2Mu2E_200GeV_5p0GeV_100p0mm_info,0.10714285714285714,0.3214285714285714,2.6439486813970063,0.335781818319406,199.07954070399006,117.89112624355315,0.1869746083144453,0.6813186813186813,0.5117320028510335,0.5970206699928724,0.12793300071275837
4,27,2Mu2E_500GeV_0p25GeV_2p0mm_info,0.10714285714285714,0.3214285714285714,4.866555023923445,0.8346073011210391,199.07954070399006,117.89112624355315,0.3435208922610439,0.9444444444444444,0.14313397129186603,0.14313397129186603,0.0
4,28,2Mu2E_500GeV_1p2GeV_9p6mm_info,0.10714285714285714,0.3214285714285714,4.789347290640394,0.26566518819089957,199.07954070399006,117.89112624355315,0.3380924505629773,0.885558583106267,0.3536748768472906,0.2505197044334975,0.014736453201970442
4,29,2Mu2E_500GeV_5p0GeV_40p0mm_info,0.10714285714285714,0.3214285714285714,4.122026342451874,0.2499345588456987,199.07954070399006,117.89112624355315,0.2911447578749694,0.793002915451895,0.3333991894630192,0.6667983789260384,0.0757725430597771
4,30,2Mu2E_800GeV_0p25GeV_1p2mm_info,0.10714285714285714,0.3214285714285714,3.056816593886463,0.19983035207309366,199.07954070399006,117.89112624355315,0.21609777614055628,0.9105058365758756,0.10450655021834061,0.19594978165938864,0.0
4,31,2Mu2E_800GeV_1p2GeV_6p0mm_info,0.10714285714285714,0.3214285714285714,3.8126960784313724,0.7477312193584713,199.07954070399006,117.89112624355315,0.26936514334525885,0.9285714285714286,0.1466421568627451,0.1466421568627451,0.0
4,32,2Mu2E_800GeV_5p0GeV_25p0mm_info,0.10714285714285714,0.3214285714285714,3.5809852670349906,0.22208327858227542,199.07954070399006,117.89112624355315,0.25304336886076356,0.8695652173913043,0.12395718232044198,0.4131906077348066,0.0
4,33,2Mu2E_1000GeV_0p25GeV_1p0mm_info,0.10714285714285714,0.3214285714285714,1.8199723463092958,0.15219373330350067,199.07954070399006,117.89112624355315,0.12879285360728138,0.9407894736842105,0.06363539672410126,0.050908317379281004,0.0
4,34,2Mu2E_1000GeV_1p2GeV_4p8mm_info,0.10714285714285714,0.3214285714285714,2.92738255033557,0.19472659067288398,199.07954070399006,117.89112624355315,0.20696980440682722,0.9040000000000001,0.1036241610738255,0.1942953020134228,0.012953020134228187
4,35,2Mu2E_1000GeV_5p0GeV_20p0mm_info,0.10714285714285714,0.3214285714285714,3.0503667262969585,0.2020154714947446,199.07954070399006,117.89112624355315,0.21564296356766555,0.8702290076335878,0.14716681574239712,0.26757602862254026,0.040136404293381035
4,36,2Mu2E_200GeV_0p25GeV_10p0mm_info,0.10714285714285714,0.3214285714285714,2.124980268350434,0.31677335539182105,199.07954070399006,117.89112624355315,0.15033901792922566,0.6521739130434782,0.9444356748224152,0.09444356748224152,0.09444356748224152
4,37,2Mu2E_200GeV_1p2GeV_48p0mm_info,0.10714285714285714,0.3214285714285714,2.0106357856494097,0.33054648700067435,199.07954070399006,117.89112624355315,0.14226284957634433,0.6981132075471699,0.5434150772025431,0.27170753860127156,0.05434150772025431
4,38,2Mu2E_200GeV_5p0GeV_200p0mm_info,0.10714285714285714,0.3214285714285714,1.650061287027579,0.31755444274825106,199.07954070399006,117.89112624355315,0.11678537846438312,0.6585365853658536,0.3666802860061287,0.42779366700715016,0.06111338100102145
4,39,2Mu2E_500GeV_0p25GeV_4p0mm_info,0.10714285714285714,0.3214285714285714,2.6464777195281783,0.2277725363075915,199.07954070399006,117.89112624355315,0.18715306390457426,0.8766233766233766,0.2352424639580603,0.13722477064220184,0.0
4,40,2Mu2E_500GeV_1p2GeV_19p0mm_info,0.10714285714285714,0.3214285714285714,2.5969946984758114,0.22690048031855256,199.07954070399006,117.89112624355315,0.183661276017456,0.891156462585034,0.13877070907886016,0.1585950960901259,0.019824387011265737
4,41,2Mu2E_500GeV_5p0GeV_80p0mm_info,0.10714285714285714,0.3214285714285714,2.0000071123755334,0.20628498283728233,199.07954070399006,117.89112624355315,0.14151206693898896,0.810344827586207,0.12766002844950214,0.3191500711237553,0.021276671408250354
4,42,2Mu2E_800GeV_0p25GeV_2p5mm_info,0.10714285714285714,0.3214285714285714,1.5592591508052709,0.16528113942341044,199.07954070399006,117.89112624355315,0.1103670760029296,0.9270833333333333,0.07007906295754027,0.0525592972181552,0.0
4,43,2Mu2E_800GeV_1p2GeV_12p0mm_info,0.10714285714285714,0.3214285714285714,1.9515675022651766,0.1877896704624209,199.07954070399006,117.89112624355315,0.13809024753987728,0.907563025210084,0.07228027786167321,0.1264904862579281,0.0
4,44,2Mu2E_800GeV_5p0GeV_50p0mm_info,0.10714285714285714,0.3214285714285714,1.6774766355140187,0.17682156299801324,199.07954070399006,117.89112624355315,0.11872302796867198,0.8181818181818182,0.09319314641744549,0.2609408099688474,0.018638629283489097
4,45,2Mu2E_1000GeV_0p25GeV_2p0mm_info,0.10714285714285714,0.3214285714285714,0.7030945719082261,0.15342781411819134,199.07954070399006,117.89112624355315,0.04980180637963043,0.9545454545454545,0.03348069390039172,0.0,0.0
4,46,2Mu2E_1000GeV_1p2GeV_9p6mm_info,0.10714285714285714,0.3214285714285714,1.6887499999999998,0.17058951096125458,199.07954070399006,117.89112624355315,0.11951977607521304,0.9245283018867925,0.08616071428571428,0.05169642857142857,0.0
4,47,2Mu2E_1000GeV_5p0GeV_40p0mm_info,0.10714285714285714,0.3214285714285714,1.6619444444444444,0.2350344373243952,199.07954070399006,117.89112624355315,0.1176252616861348,0.9090909090909092,0.03323888888888889,0.09971666666666666,0.03323888888888889
