scan_variable,scan_cut,muIsoCut,egmIsoCut,fixed_mu_iso,fixed_egm_iso,dPhiCut,mJJCut,pixelCut,signal_name,sig_A,sig_B,sig_C,sig_D,signalEff,AsimovSig,ACounts,BCounts,CCounts,DCounts,A_Unc,B_Unc,C_Unc,D_Unc,prediction,predictionUnc,closure,closureUnc,closureSignificance,tf_AC,tf_AC_unc,tf_BD,tf_BD_unc,tf_ratio
egm,0.0,0.4,0.0,0.4,0.1,2.0,150.0,3,2Mu2E_200GeV_0p25GeV_1p0mm_info,0.341353734439834,0.031032157676348548,18.960648340248962,0.12412863070539419,0.01754385964912281,0.7988084228638983,0.09738617884141444,2.089992551290215,1705.127276009347,3861.771813792891,0.09240670314442745,1.1484257377760336,275.5592613991974,379.14650599164946,0.9228156084036386,0.5362605288596982,9.475837530358078,10.543523588483044,-1.516876486356932,5.711372999048817e-05,5.49738125491195e-05,0.0005412004261426054,0.00030209273231981043,0.10553156877123153
egm,0.01,0.4,0.01,0.4,0.1,2.0,150.0,3,2Mu2E_200GeV_0p25GeV_1p0mm_info,1.5516078838174274,0.031032157676348548,17.75039419087137,0.12412863070539419,0.07974481658692187,0.3366047009081594,20.737302645993715,15.15640260510727,1684.4873595421946,3848.705403739074,9.592515889823057,8.08195780198981,275.3922633640486,379.0620976112462,6.6335990745438895,3.7570449998130133,0.3198872672972948,0.23392142472688782,1.3690222685500215,0.01231074993143887,0.006039823220720792,0.0039380521539483385,0.002135435273377611,3.126101293274129
egm,0.02,0.4,0.02,0.4,0.1,2.0,150.0,3,2Mu2E_200GeV_0p25GeV_1p0mm_info,4.127276970954357,0.062064315352697096,15.17472510373444,0.09309647302904564,0.21212121212121213,0.5066438333230688,65.00072674779508,39.08221300674042,1640.2239354403932,3824.7795933374414,34.52284927439495,10.40585414620562,273.3881635328191,379.00542223936446,16.76007196213357,5.520467758797098,0.257844378066159,0.1611425298636066,1.379824369465438,0.039629178274576675,0.0220597623870658,0.010218160825481163,0.0029029511536473873,3.878308332723915
egm,0.03,0.4,0.03,0.4,0.1,2.0,150.0,3,2Mu2E_200GeV_0p25GeV_1p0mm_info,6.051270746887967,0.062064315352697096,13.25073132780083,0.09309647302904564,0.31100478468899523,0.6586098372559831,82.42510764273561,96.37083056369055,1622.7995545454526,3767.4909757804908,35.21356220480055,18.209352793846726,273.3000551019312,378.71072252866077,41.51052833710736,11.305023068823173,0.503615094044294,0.2551523258435984,1.106285007686735,0.05079192153575797,0.023324433992708726,0.025579578340921155,0.005474677504634883,1.9856434245635375
egm,0.04,0.4,0.04,0.4,0.1,2.0,150.0,3,2Mu2E_200GeV_0p25GeV_1p0mm_info,8.006296680497925,0.09309647302904564,11.295705394190872,0.062064315352697096,0.41148325358851673,0.7474809812480092,112.08830966231103,142.0648934670056,1593.1363525258776,3721.7969128771765,37.7069114385859,23.184440874777046,272.96722131353545,378.43873161804544,60.81168626286937,15.661740432742736,0.5425337079850434,0.2298555752914643,1.2558518969308292,0.07035700960849825,0.026561482679760603,0.03817104930563789,0.007339584135687598,1.8432034457618767
egm,0.05,0.4,0.05,0.4,0.1,2.0,150.0,3,2Mu2E_200GeV_0p25GeV_1p0mm_info,9.806161825726141,0.12412863070539419,9.495840248962656,0.031032157676348548,0.503987240829346,0.8692287903658988,124.04396106589363,186.27581666449106,1581.1807011222947,3677.5859896796906,38.10087297546333,27.527088228041055,272.9125108168873,378.1476580663124,80.08941931534316,19.97450456647491,0.6456535136990563,0.2554590477636775,1.0217408284001332,0.07845021190674119,0.027640299271596936,0.05065165496802299,0.009118804535447366,1.548818334884966
egm,0.06,0.4,0.06,0.4,0.1,2.0,150.0,3,2Mu2E_200GeV_0p25GeV_1p0mm_info,11.295705394190872,0.12412863070539419,8.006296680497925,0.031032157676348548,0.580542264752791,0.982117813908561,128.56937943561508,243.24576089436624,1576.6552827525734,3620.6160454498154,38.23510373408639,43.753022101802024,272.89373742230447,376.61527444370904,105.92526495684383,28.6452874973583,0.8238763025988551,0.331165596270058,0.47397154007384446,0.08154564973210549,0.02805907513460187,0.0671835283943084,0.013959616894797687,1.2137744426506454
egm,0.07,0.4,0.07,0.4,0.1,2.0,150.0,3,2Mu2E_200GeV_0p25GeV_1p0mm_info,12.41286307053942,0.12412863070539419,6.889139004149378,0.031032157676348548,0.6379585326953747,1.0745306968049892,129.3719605886858,265.82399636417983,1575.8527015995026,3598.0378099800005,38.240938245166056,45.10115669782084,272.89291988616964,376.4562093416307,116.42441934838854,30.741742977443288,0.8999200353663839,0.3566849122522337,0.26388274880072426,0.0820964805006028,0.02812464167629549,0.07388026763555812,0.014726736624124794,1.111209841653176
egm,0.08,0.4,0.08,0.4,0.1,2.0,150.0,3,2Mu2E_200GeV_0p25GeV_1p0mm_info,13.43692427385892,0.15516078838174274,5.865077800829876,0.0,0.6905901116427432,1.1159173047452147,140.57858542559157,319.5566617433449,1564.6460767625967,3544.3051446008367,39.067243877882134,56.47047256862885,272.77585218940493,374.91929480253054,141.06942170646158,38.06553930602878,1.0034915437467524,0.3887042482402652,-0.008998622480271556,0.0898468909444762,0.029475207752564042,0.09016059529471852,0.018569094891087372,0.9965206047141006
egm,0.09,0.4,0.09,0.4,0.1,2.0,150.0,3,2Mu2E_200GeV_0p25GeV_1p0mm_info,14.212728215767635,0.15516078838174274,5.089273858921162,0.0,0.7304625199362041,0.9690367030654676,210.43099745836784,336.7206098767165,1494.7936647298209,3527.1411964674644,60.64010177281849,57.12729202835166,268.8041910738228,374.8197758828348,142.70135681888067,38.4007882069145,0.6781384802736252,0.2673764723128335,0.943620752530902,0.14077594949962713,0.04781830432768802,0.09546558845275377,0.01911137216497424,1.4746250641852756
egm,0.1,0.4,0.1,0.4,0.1,2.0,150.0,3,2Mu2E_200GeV_0p25GeV_1p0mm_info,14.9575,0.15516078838174274,4.344502074688797,0.0,0.7687400318979266,0.9787713618340185,228.60384126211423,357.5015065114478,1476.6208209260742,3506.3602998327333,61.6015853398686,58.096479249529466,268.5854794390138,374.6707767976575,150.55331537161908,40.09105270857187,0.6585773648439992,0.2494995825282529,1.06193178817963,0.15481553424036346,0.05033245262854601,0.10195800657693449,0.019829827660798053,1.5184244910039923
egm,0.11,0.4,0.11,0.4,0.1,2.0,150.0,3,2Mu2E_200GeV_0p25GeV_1p0mm_info,15.547110995850623,0.15516078838174274,3.7548910788381744,0.0,0.799043062200957,0.9645757649876496,254.66146854793504,414.669369532694,1450.5631936402535,3449.192436811488,62.982334764878594,67.63322907886584,268.26505659409827,373.06720334507656,174.38984225831692,46.95691846368971,0.6847908450880995,0.2503650705399716,1.0217831093955718,0.17556040968394535,0.05421617057705514,0.1202221613114819,0.02352820820359546,1.4602998961987412
egm,0.12,0.4,0.12,0.4,0.1,2.0,150.0,3,2Mu2E_200GeV_0p25GeV_1p0mm_info,15.950529045643153,0.15516078838174274,3.351473029045643,0.0,0.8197767145135566,0.9765158409092256,261.539262730538,436.51829378443745,1443.6853994576509,3427.3435125597443,63.13445209306486,68.51271650330962,268.22929750640304,372.90669015812546,183.87275305885242,48.99166941854157,0.7030407256607403,0.25276629612784474,0.9718841032723567,0.1811608421258471,0.0551846982240697,0.12736344990946635,0.02432352738305429,1.4223927057144063
egm,0.13,0.4,0.13,0.4,0.1,2.0,150.0,3,2Mu2E_200GeV_0p25GeV_1p0mm_info,16.26085062240664,0.15516078838174274,3.0411514522821577,0.0,0.835725677830941,0.9751217868449047,272.71152342243147,476.71368260145044,1432.513138765757,3387.1481237427306,63.638340357843454,70.47068727463062,268.110195103374,372.54164078984815,201.61462941909886,52.95168220791393,0.7392963336822288,0.25973710291627783,0.8587909922863702,0.19037279033782387,0.05694764320950268,0.14074190592960883,0.02593229585305988,1.3526375750022712
egm,0.14,0.4,0.14,0.4,0.1,2.0,150.0,3,2Mu2E_200GeV_0p25GeV_1p0mm_info,16.416011410788382,0.15516078838174274,2.885990663900415,0.0,0.8437001594896332,0.980833023900131,274.70168253107624,526.3826960226377,1430.5229796571123,3337.4791103215434,63.648634707965336,78.1733894904021,268.10775143901003,371.00176962237384,225.62015157652957,59.496366659561204,0.8213278837526078,0.2883127470867153,0.5633386747956941,0.19202884989440755,0.05722696522401162,0.15771864890322093,0.029257739532866388,1.2175405459644788
egm,0.15,0.4,0.15,0.4,0.1,2.0,150.0,3,2Mu2E_200GeV_0p25GeV_1p0mm_info,16.571172199170125,0.15516078838174274,2.730829875518672,0.0,0.8516746411483254,0.8216490022408424,401.2694187307127,539.7366643084272,1303.9552434574757,3324.1251420357544,132.49714455291672,78.58683486650011,241.61420025982224,370.91441232852696,211.7226107438921,55.20411981280436,0.5276320618042829,0.2219901771788098,1.3205394159978063,0.3077325090290178,0.11651743380306345,0.16236953822318576,0.029785258467473152,1.8952601109576521
egm,0.16,0.4,0.16,0.4,0.1,2.0,150.0,3,2Mu2E_200GeV_0p25GeV_1p0mm_info,16.788397302904563,0.15516078838174274,2.5136047717842325,0.0,0.8628389154704944,0.8283653768239919,405.1889718323556,586.4413849919604,1300.0356903558331,3277.420421352221,132.53420990499941,85.50955941792634,241.59387054875285,369.3798954132496,232.62036381548506,60.8818042263389,0.5741033936918951,0.24049907567105638,1.1832010422935582,0.31167526771626647,0.11725145054361716,0.17893382892573859,0.032975868804538386,1.741846522747906
egm,0.17,0.4,0.17,0.4,0.1,2.0,150.0,3,2Mu2E_200GeV_0p25GeV_1p0mm_info,16.943558091286306,0.15516078838174274,2.3584439834024895,0.0,0.8708133971291867,0.8350405063803424,406.1032632088071,603.3184498309998,1299.1213989793814,3260.543356513181,132.53592851806047,85.94473222609058,241.59292773946333,369.27888497710865,240.384446049108,62.54781688092554,0.5919293633587696,0.24706548098593337,1.130771588936538,0.3125983942130819,0.11741990451554386,0.18503616847352322,0.033674585367349304,1.6893907650158217
egm,0.18,0.4,0.18,0.4,0.1,2.0,150.0,3,2Mu2E_200GeV_0p25GeV_1p0mm_info,17.067686721991702,0.15516078838174274,2.2343153526970956,0.0,0.8771929824561404,0.7378404170507521,529.4279416001199,782.7616944073806,1175.7967205880689,3081.1001119368007,176.24054668382527,148.70943788261891,211.83055678172684,348.7676805152487,298.71429030185203,85.20596778743321,0.5642208633700575,0.24734380018224772,1.1785718972090693,0.4502716603388119,0.17043372435029244,0.2540526649474337,0.05618291611366472,1.772355587893471
egm,0.19,0.4,0.19,0.4,0.1,2.0,150.0,3,2Mu2E_200GeV_0p25GeV_1p0mm_info,17.346976141078837,0.15516078838174274,1.9550259336099585,0.0,0.8915470494417862,0.7498219134386537,529.4675082521552,809.7268528916143,1175.7571539360335,3054.1349534525675,176.2405491732272,149.28821144555462,211.8305547105735,348.52033199045707,311.7223549487174,87.87770823216374,0.5887469015384071,0.25681220983560055,1.1056726056468762,0.45032046496989514,0.17044364657187577,0.2651247784503606,0.057486148026393555,1.6985227393757494
egm,0.2,0.4,0.2,0.4,0.1,2.0,150.0,3,2Mu2E_200GeV_0p25GeV_1p0mm_info,17.409040456431537,0.15516078838174274,1.8929616182572615,0.0,0.8947368421052633,0.7524180353733273,529.5702509232901,863.3803537007316,1175.6544112648985,3000.4814526434498,176.2405734392337,153.22081241682324,211.83053452153692,346.8094210509278,338.2913500543245,94.0664213611488,0.6388035382737672,0.2770335242847296,0.9574814875738923,0.45044721122895304,0.1704694282770004,0.28774727233860625,0.060941341459798654,1.5654265201822306
egm,0.21,0.4,0.21,0.4,0.1,2.0,150.0,3,2Mu2E_200GeV_0p25GeV_1p0mm_info,17.440072614107883,0.15516078838174274,1.861929460580913,0.0,0.8963317384370015,0.7425896244146548,545.78484706659,884.4755905660579,1159.4398151215985,2979.3862157781236,176.5495939019185,153.6096048542441,211.57305115476697,346.6373914970427,344.1971402615384,95.50898479776814,0.630646200808766,0.2687731552420475,1.0042830026827259,0.4707315032211049,0.1748288990654903,0.2968650341073892,0.062057258136728743,1.5856751356268537
egm,0.22,0.4,0.22,0.4,0.1,2.0,150.0,3,2Mu2E_200GeV_0p25GeV_1p0mm_info,17.50213692946058,0.15516078838174274,1.7998651452282157,0.0,0.8995215311004786,0.7443271278911963,547.1066226136251,942.3258637363514,1158.1180395745637,2921.5359426078303,176.5520678220093,157.57615370904028,211.57098673883104,344.85235633473053,373.54480772761235,102.48310943725815,0.6827641857872653,0.28919372591248393,0.8502068688346127,0.4724100686788416,0.1751807482459173,0.32254467589921537,0.06601982572260219,1.4646345265561111
egm,0.23,0.4,0.23,0.4,0.1,2.0,150.0,3,2Mu2E_200GeV_0p25GeV_1p0mm_info,17.53316908713693,0.15516078838174274,1.7688329875518671,0.0,0.9011164274322169,0.7338423665602195,565.0265665560031,994.2047615223391,1140.1980956321854,2869.6570448218426,176.8845422429859,161.30279943024627,211.29309926582866,343.12504831812674,395.0264293085932,108.15400091664938,0.6991289484251885,0.29076046640984643,0.8199523941556869,0.49555122808964425,0.180277401096191,0.3464542089851237,0.06982560965097676,1.4303512996458432
egm,0.24,0.4,0.24,0.4,0.1,2.0,150.0,3,2Mu2E_200GeV_0p25GeV_1p0mm_info,17.626265560165976,0.15516078838174274,1.6757365145228216,0.0,0.9059011164274322,0.7325931553222012,573.0427506018326,1009.8819103829592,1132.181911586356,2853.979895961223,177.038533804461,161.6390372271852,211.16408934815766,342.96678196527967,400.62301538699927,109.6022747107273,0.6991154062524111,0.2885006488930334,0.8280677493982903,0.5061401747700722,0.18265497189054164,0.35385039390504536,0.07082271855435865,1.4303790061793555
egm,0.25,0.4,0.25,0.4,0.1,2.0,150.0,3,2Mu2E_200GeV_0p25GeV_1p0mm_info,17.657297717842322,0.15516078838174274,1.644704356846473,0.0,0.9074960127591707,0.7198271455021488,595.859571570841,1019.9125237652768,1109.3650906173475,2843.949282578905,177.49727020080488,161.81038577426133,210.7786378007327,342.88597367482936,397.84652851566517,109.53888202209153,0.6676850511385394,0.27083781673417046,0.9493557066386101,0.5371176509973401,0.18977428892447754,0.3586254262735712,0.0714615297671837,1.49771212983546
egm,0.26,0.4,0.26,0.4,0.1,2.0,150.0,3,2Mu2E_200GeV_0p25GeV_1p0mm_info,17.719362033195022,0.15516078838174274,1.582640041493776,0.0,0.9106858054226475,0.7178612634898097,603.3995431611336,1042.6357685190967,1101.825119027055,2821.226037825085,177.64954932591002,162.31092369817773,210.6503090578579,342.6493191815728,407.19965871151663,111.9142459362491,0.6748425041528029,0.2718000653175457,0.9344529905664722,0.5476364014045656,0.19224365336573684,0.3695683204890865,0.07297020798682584,1.4818272320523143
egm,0.27,0.4,0.27,0.4,0.1,2.0,150.0,3,2Mu2E_200GeV_0p25GeV_1p0mm_info,17.75039419087137,0.15516078838174274,1.5516078838174274,0.0,0.9122807017543859,0.7187211772747095,604.0630321938675,1046.3357663148404,1101.1616299943212,2817.526040029341,177.65077865045504,162.3177378641861,210.64927231480536,342.6460912691175,408.93492432268994,112.32651107334361,0.6769739290906428,0.2724264720967296,0.9283708717139485,0.5485689073610226,0.19245735150560012,0.37136684859315233,0.07320241976619189,1.477161759158536
egm,0.28,0.4,0.28,0.4,0.1,2.0,150.0,3,2Mu2E_200GeV_0p25GeV_1p0mm_info,17.75039419087137,0.15516078838174274,1.5516078838174274,0.0,0.9122807017543859,0.6985086084621807,639.872199495441,1048.890789714207,1065.3524626927476,2814.9710166299747,180.66414645640992,162.32187671083787,208.07061605869978,342.6441305909421,396.9626611841799,110.08853570372291,0.620378040329299,0.2455228384095218,1.1481649536017884,0.6006201908785402,0.2061999668748463,0.3726115769994383,0.0733634308373675,1.611920369504369
egm,0.29,0.4,0.29,0.4,0.1,2.0,150.0,3,2Mu2E_200GeV_0p25GeV_1p0mm_info,17.78142634854772,0.15516078838174274,1.5205757261410788,0.0,0.9138755980861244,0.69537330889178,647.9782739307519,1181.1631865929612,1057.2463882574366,2682.69861975122,180.81494269611616,199.74561905605137,207.9395863698642,322.2655419917957,465.4941497244511,133.06269184043356,0.7183792550646497,0.28697220258489564,0.8128511244163908,0.6128923977680887,0.20923713587474618,0.44028918414342655,0.09133058553293065,1.3920223794742042
egm,0.3,0.4,0.3,0.4,0.1,2.0,150.0,3,2Mu2E_200GeV_0p25GeV_1p0mm_info,17.812458506224065,0.15516078838174274,1.4895435684647302,0.0,0.9154704944178629,0.6958266207679616,649.3975896406309,1217.0790132970963,1055.8270725475577,2646.7827930470853,180.8173818726258,202.41161543818586,207.9374653461925,320.5977695228945,485.5045057132057,138.2768235646692,0.7476228945997139,0.2977803173629338,0.7199978118929612,0.6150605591820342,0.20976587398536475,0.459833355609791,0.09460799711538537,1.3375727351627078
egm,0.31,0.4,0.31,0.4,0.1,2.0,150.0,3,2Mu2E_200GeV_0p25GeV_1p0mm_info,17.874522821576765,0.15516078838174274,1.4274792531120333,0.0,0.9186602870813397,0.6981418139242893,649.5822649611471,1234.014257937747,1055.6423972270416,2629.8475484064343,180.81742902651084,202.68181750264534,207.93742434230714,320.4270162473436,495.3434545097926,140.64814704938976,0.7625569250099834,0.3032123668214144,0.673301858652806,0.6153430997726768,0.2098347363171577,0.4692341419887638,0.09596073712286443,1.3113775079636292
egm,0.32,0.4,0.32,0.4,0.1,2.0,150.0,3,2Mu2E_200GeV_0p25GeV_1p0mm_info,17.874522821576765,0.15516078838174274,1.4274792531120333,0.0,0.9186602870813397,0.696500617377272,652.6750115990378,1252.381432524784,1052.5496505891508,2611.4803738193973,180.84333860671893,202.86890603481794,207.91489115367756,320.3085994031182,504.7687328702338,143.04074545201178,0.7733844928941936,0.3065150001531725,0.6414662806855913,0.6200895237898864,0.2110066683962032,0.47956762190524327,0.09744035622370924,1.29301790918739
egm,0.33,0.4,0.33,0.4,0.1,2.0,150.0,3,2Mu2E_200GeV_0p25GeV_1p0mm_info,17.874522821576765,0.15516078838174274,1.4274792531120333,0.0,0.9186602870813397,0.6964838220856282,652.7067744886369,1329.3636811753456,1052.5178876995517,2534.4981251688355,180.8433409766364,208.21435500917795,207.91488909233513,316.8598653276603,552.0536944969998,155.34596731152743,0.8457912742356722,0.3340072049122477,0.4221946294920188,0.6201384148588993,0.21101864386715466,0.5245076601059984,0.10511340079027129,1.1823248010020957
egm,0.34,0.4,0.34,0.4,0.1,2.0,150.0,3,2Mu2E_200GeV_0p25GeV_1p0mm_info,17.874522821576765,0.15516078838174274,1.4274792531120333,0.0,0.9186602870813397,0.692284826871016,660.720511266859,1337.0797520708873,1044.5041509213295,2526.782054273294,180.9939643654602,208.34419456127998,207.78378171826722,316.7745073075839,552.713024373827,155.91030424086594,0.8365307493089029,0.3289280221865808,0.45212857515478244,0.6325685835561831,0.21415349878515957,0.5291630711915252,0.10582837998469537,1.1954133196253056
egm,0.35000000000000003,0.4,0.35000000000000003,0.4,0.1,2.0,150.0,3,2Mu2E_200GeV_0p25GeV_1p0mm_info,17.90555497925311,0.15516078838174274,1.3964470954356847,0.0,0.9202551834130781,0.6896570845059204,668.1342848004197,1349.3467524447694,1037.090377387769,2514.5150538994117,181.14326162675798,208.49857205052587,207.65363914241883,316.67291854568606,556.5266076056216,157.23934175184075,0.8329562189311439,0.3261660586779576,0.46528614019661185,0.6442392093959268,0.21713432612335792,0.5366230559456207,0.10697016666197261,1.200543290598404
egm,0.36,0.4,0.36,0.4,0.1,2.0,150.0,3,2Mu2E_200GeV_0p25GeV_1p0mm_info,17.96761929460581,0.15516078838174274,1.3343827800829875,0.0,0.9234449760765551,0.689699103530552,672.7119704386996,1352.604747942183,1032.5126917494888,2511.2570584019986,181.1715802170683,208.50287231521483,207.62893248177232,316.6700871943169,556.1284793599012,157.3959417760405,0.8266962738855828,0.32297435603146724,0.4857787825310916,0.6515290086157265,0.21898378887892822,0.5386166037509887,0.10726888465374029,1.209634096086906
egm,0.37,0.4,0.37,0.4,0.1,2.0,150.0,3,2Mu2E_200GeV_0p25GeV_1p0mm_info,17.96761929460581,0.15516078838174274,1.3343827800829875,0.0,0.9234449760765551,0.6736487725045717,705.4361948622832,1353.6902440874014,999.7884673259055,2510.1715622567804,184.10188939739922,208.5039751018134,205.03514187128454,316.66936109149145,539.1678858609132,154.10797996586385,0.7643042557040481,0.29582101881550016,0.6925275246224326,0.7055854492391629,0.2341923598167084,0.5392819616163449,0.10736867984109759,1.308379473929316
egm,0.38,0.4,0.38,0.4,0.1,2.0,150.0,3,2Mu2E_200GeV_0p25GeV_1p0mm_info,17.96761929460581,0.15516078838174274,1.3343827800829875,0.0,0.9234449760765551,0.6729789819855917,706.8529093192844,1391.297472930377,998.371752868904,2472.5643334138044,184.1042850071581,211.07950571236444,205.03299081824147,314.958464175159,561.7779396234259,160.2977396890706,0.7947593229324486,0.3070450753145009,0.5943013208498343,0.7080057175977625,0.23483306143506147,0.5626941447503002,0.11146909613932372,1.2582425536202184
egm,0.39,0.4,0.39,0.4,0.1,2.0,150.0,3,2Mu2E_200GeV_0p25GeV_1p0mm_info,17.96761929460581,0.15516078838174274,1.3343827800829875,0.0,0.9234449760765551,0.6723111854584137,708.2696237750181,1398.0876161098663,996.9550384131703,2465.7741902343146,184.10668058574515,211.1069403815698,205.03083974263092,314.9400762209906,565.2709394656038,161.28407065461246,0.7981013451526507,0.30804706485104777,0.5842386429838573,0.7104328645576174,0.23547709594546987,0.5669974248440854,0.11213605483026916,1.2529737057500292
egm,0.4,0.4,0.4,0.4,0.1,2.0,150.0,3,2Mu2E_200GeV_0p25GeV_1p0mm_info,17.96761929460581,0.15516078838174274,1.3343827800829875,0.0,0.9234449760765551,0.67158958454312,709.805236276755,1432.4974539086002,995.4194259114336,2431.364352435581,184.10910157969911,213.6291164940523,205.02866579428846,313.2347242457669,586.4755694722925,167.1834225178388,0.8262485812990313,0.31844318950689304,0.4959183083240728,0.7130715131732914,0.23617890173152878,0.5891743261241855,0.11610965955477455,1.2102895213784162
egm,0.41000000000000003,0.4,0.41000000000000003,0.4,0.1,2.0,150.0,3,2Mu2E_200GeV_0p25GeV_1p0mm_info,17.998651452282157,0.15516078838174274,1.303350622406639,0.0,0.9250398724082934,0.6726875847884408,709.9267355718328,1482.7558403053524,995.2979266163559,2381.1059660388287,184.10912704460952,216.37385380418354,205.02864292762075,311.3450614306847,619.789221724265,176.20637937684148,0.8730326534681586,0.3359549590771789,0.35369847461522214,0.713280633453463,0.23623453421639556,0.622717284091326,0.1220142950631473,1.1454325288148823
egm,0.42,0.4,0.42,0.4,0.1,2.0,150.0,3,2Mu2E_200GeV_0p25GeV_1p0mm_info,17.998651452282157,0.15516078838174274,1.303350622406639,0.0,0.9250398724082934,0.6689525685110449,717.9430736042003,1499.8340961044394,987.2815885839882,2364.0277102397417,184.25708081109985,216.62666479331875,204.8956887121879,311.16921439608086,626.3710795776813,178.5515386865644,0.8724522912843053,0.33464503597957274,0.3568998595814023,0.7271917980704091,0.2400150848185411,0.6344401504296824,0.12397860221294092,1.1461944796178325
egm,0.43,0.4,0.43,0.4,0.1,2.0,150.0,3,2Mu2E_200GeV_0p25GeV_1p0mm_info,17.998651452282157,0.15516078838174274,1.303350622406639,0.0,0.9250398724082934,0.6652525814078315,726.0177349112785,1510.7071203363678,979.2069272769102,2353.154686007814,184.40492048134266,216.75649306100965,204.76264401530784,311.0787916320293,628.6432787933653,179.7851100997278,0.8658786811456988,0.3311951924798398,0.37809161891349274,0.7414344350384356,0.24393167688910133,0.6419922707670869,0.12525015378215737,1.1548962017136593
egm,0.44,0.4,0.44,0.4,0.1,2.0,150.0,3,2Mu2E_200GeV_0p25GeV_1p0mm_info,17.998651452282157,0.15516078838174274,1.303350622406639,0.0,0.9250398724082934,0.6649524592882221,726.6786226860636,1527.795935132236,978.546039502125,2336.065871211945,184.40610475355152,217.00885834765754,204.76157747852054,310.90279395013056,639.972819223408,182.89553982027485,0.880682050144588,0.33658984069299164,0.3338386529107508,0.7426105603123087,0.24425333967698526,0.6540037907148653,0.1273007320241893,1.1354835718927423
egm,0.45,0.4,0.45,0.4,0.1,2.0,150.0,3,2Mu2E_200GeV_0p25GeV_1p0mm_info,18.029683609958507,0.15516078838174274,1.2723184647302905,0.0,0.9266347687400319,0.6627636607695363,734.0606333300252,1538.2877276068837,971.1640288581634,2325.5740787372974,184.5526393993455,217.13749753502051,204.6295149107409,310.81296474178805,642.3917951033062,184.15919163120796,0.8751208904762152,0.33368691856279736,0.35160043575593264,0.755856489241153,0.24794563079467752,0.6614658039369437,0.1285817824870605,1.1426992669045177
egm,0.46,0.4,0.46,0.4,0.1,2.0,150.0,3,2Mu2E_200GeV_0p25GeV_1p0mm_info,18.060715767634854,0.15516078838174274,1.241286307053942,0.0,0.9282296650717704,0.6633065193235981,735.38501012867,1558.6540061443784,969.8396520595186,2305.207800199803,184.5550060586989,217.4109972405004,204.62738042731132,310.6217155419791,655.7519278171875,187.92825140904904,0.891712393896159,0.33968673973143654,0.3023318900135749,0.7582542212694968,0.24861027062102983,0.6761446868300909,0.13113271908106053,1.1214378165483379
egm,0.47000000000000003,0.4,0.47000000000000003,0.4,0.1,2.0,150.0,3,2Mu2E_200GeV_0p25GeV_1p0mm_info,18.060715767634854,0.15516078838174274,1.241286307053942,0.0,0.9282296650717704,0.6630098999897092,736.0484991563329,1560.361131385423,969.1761630318556,2303.5006749587587,184.5561893861607,217.41305730660912,204.62631316898023,310.6202736460454,656.5072156044602,188.19633218883675,0.891934724895107,0.339692271915696,0.3017632129422402,0.759457905829799,0.24894448168423702,0.6773868783057159,0.13134668566804844,1.1211582777176903
egm,0.48,0.4,0.48,0.4,0.1,2.0,150.0,3,2Mu2E_200GeV_0p25GeV_1p0mm_info,18.060715767634854,0.15516078838174274,1.241286307053942,0.0,0.9282296650717704,0.6597223381696089,743.4622726949644,1679.3566590480164,961.7623894932242,2184.5051472961654,184.70260728207126,246.39622631901264,204.4941611515472,288.17059451495214,739.3629056981133,214.46346961899522,0.9944861129509754,0.37980798029582785,0.014483530208169641,0.7730207386116571,0.25277832738808137,0.768758389572399,0.1516787701425144,1.0055444585673126
egm,0.49,0.4,0.49,0.4,0.1,2.0,150.0,3,2Mu2E_200GeV_0p25GeV_1p0mm_info,18.091747925311203,0.15516078838174274,1.2102541493775933,0.0,0.9298245614035088,0.6594654488553229,746.6155941041482,1692.3550915716116,958.6090680840404,2171.50671477257,184.72799269341323,246.51304283897397,204.471229754536,288.0706711861192,747.0881513569963,216.92973054633916,1.0006329324709795,0.38172524062056706,-0.0016585250964429917,0.7788530475685976,0.2544284735396623,0.7793460089525251,0.15354526819667935,0.9993674678791388
egm,0.5,0.4,0.5,0.4,0.1,2.0,150.0,3,2Mu2E_200GeV_0p25GeV_1p0mm_info,18.122780082987553,0.15516078838174274,1.1792219917012448,0.0,0.9314194577352473,0.6436408602137744,786.7798026863052,1811.241468475412,918.4448595018832,2052.6203378687696,187.7468199120199,272.4175834334369,201.70286734400568,263.7082708669516,810.4398974069985,239.53529503933947,1.0300720667204606,0.39129146318776614,-0.0777409714462539,0.8566434822369343,0.27781262812415847,0.8824045221904111,0.17454411954225038,0.9708058613644345
egm,0.51,0.4,0.51,0.4,0.1,2.0,150.0,3,2Mu2E_200GeV_0p25GeV_1p0mm_info,18.122780082987553,0.15516078838174274,1.1792219917012448,0.0,0.9314194577352473,0.6430291461583036,788.2888548067338,1885.707415694142,916.9358073814547,1978.1543906500397,187.7491917202955,276.4182111138742,201.70065961777547,259.5117809502234,874.0837721602282,257.94484915121603,1.1088369026535698,0.42049965655250104,-0.26891747250404247,0.8596990634032439,0.27872594484023494,0.9532660466782278,0.18752454368452037,0.9018458869892308
egm,0.52,0.4,0.52,0.4,0.1,2.0,150.0,3,2Mu2E_200GeV_0p25GeV_1p0mm_info,18.122780082987553,0.15516078838174274,1.1792219917012448,0.0,0.9314194577352473,0.6424574970245207,789.7029680108574,2010.2435507268226,915.521694177331,1853.6182556173592,187.75154077440334,299.83741015503585,201.69847302026744,232.05800860748556,992.8805867621918,291.94167741563115,1.2572835952017607,0.47541525329039724,-0.585352306454156,0.8625715513169442,0.2795867053076997,1.0844970611585276,0.21118518769063113,0.7953655037068439
egm,0.53,0.4,0.53,0.4,0.1,2.0,150.0,3,2Mu2E_200GeV_0p25GeV_1p0mm_info,18.122780082987553,0.15516078838174274,1.1792219917012448,0.0,0.9314194577352473,0.6392223047760521,797.7776293204709,2018.7925986157272,907.4470328677174,1845.0692077284546,187.8966309752907,299.92835487941926,201.563317967346,231.9404531914952,992.888150707659,293.2181242853074,1.2445675514283083,0.47011882576028463,-0.5602508090135153,0.8791451185854132,0.2846176232778131,1.0941554875879973,0.21293928449545224,0.8034919429261722
egm,0.54,0.4,0.54,0.4,0.1,2.0,150.0,3,2Mu2E_200GeV_0p25GeV_1p0mm_info,18.1538122406639,0.15516078838174274,1.1481898340248962,0.0,0.9330143540669856,0.6400371227571929,798.4701259983171,2069.8663348668197,906.7545361898714,1793.9954714773614,187.89779551900614,301.89024730224827,201.56223237741673,229.38105953007198,1046.1903155762097,308.64082436226005,1.3102435288586047,0.49444960276425265,-0.6855647032208343,0.8805802387859466,0.28505416894132896,1.1537745595100515,0.22378631724615866,0.7632168966872381
egm,0.55,0.4,0.55,0.4,0.1,2.0,150.0,3,2Mu2E_200GeV_0p25GeV_1p0mm_info,18.18484439834025,0.15516078838174274,1.1171576763485478,0.0,0.9346092503987241,0.6411144561864629,798.5018888879163,2119.7673650632123,906.7227733002723,1744.0944412809686,187.89779779994714,303.83805262842844,201.56223025110674,226.79468614214795,1102.0282494506794,324.8097721067829,1.3801197777822267,0.5205133076965826,-0.8088804467557584,0.880646116322351,0.28507421129885746,1.2153971223635842,0.23521746332364632,0.7245747913322005
egm,0.56,0.4,0.56,0.4,0.1,2.0,150.0,3,2Mu2E_200GeV_0p25GeV_1p0mm_info,18.215876556016596,0.15516078838174274,1.0861255186721992,0.0,0.9362041467304626,0.6389903025682744,806.6157670843957,2124.7614637674396,898.6088951037929,1739.1003425767417,188.04279333637336,303.8549941531152,201.42696680465596,226.77198772238467,1097.8834887044036,325.1277066321731,1.3610984727868984,0.512985563354459,-0.775493072890681,0.8976271784970795,0.290299707422874,1.2217589817843877,0.23644762629149033,0.7347006994670001
egm,0.5700000000000001,0.4,0.5700000000000001,0.4,0.1,2.0,150.0,3,2Mu2E_200GeV_0p25GeV_1p0mm_info,18.215876556016596,0.15516078838174274,1.0861255186721992,0.0,0.9362041467304626,0.6358617607377638,814.6321051142279,2255.5646831508766,890.5925570739606,1608.2971231933047,188.18765446661487,325.3872898860994,201.29163367667311,194.61886719414068,1249.0161735939487,367.42974197152586,1.533227288432011,0.5734853295882261,-1.0522395383668797,0.9147079645384635,0.2956224115080693,1.4024552121764726,0.26407204436035586,0.6522190203271637
egm,0.58,0.4,0.58,0.4,0.1,2.0,150.0,3,2Mu2E_200GeV_0p25GeV_1p0mm_info,18.246908713692946,0.15516078838174274,1.0550933609958506,0.0,0.937799043062201,0.6369381669029024,814.6394469208528,2318.7541908329013,890.5852152673356,1545.1076155112805,188.18765451435272,327.35908294696776,201.29163363204296,191.28361848174907,1336.5076836487053,392.7232545829221,1.6406125295066336,0.613220501558356,-1.198364269357587,0.9147237490084704,0.2956273435858591,1.5007072436605775,0.2817887019570024,0.6095284425876724
egm,0.59,0.4,0.59,0.4,0.1,2.0,150.0,3,2Mu2E_200GeV_0p25GeV_1p0mm_info,18.246908713692946,0.15516078838174274,1.0550933609958506,0.0,0.937799043062201,0.6341038771368627,821.992295928093,2328.333831230699,883.2323662600954,1535.5279751134826,188.3312446199498,327.44367740686243,201.15729512441408,191.13877161272555,1339.2525779605821,395.34799655574403,1.6292763138959376,0.6088291249880473,-1.1811913954366555,0.9306636931894676,0.3006556453331221,1.5163083115165157,0.28477819522417375,0.6137694333803899
egm,0.6,0.4,0.6,0.4,0.1,2.0,150.0,3,2Mu2E_200GeV_0p25GeV_1p0mm_info,18.277940871369296,0.15516078838174274,1.024061203319502,0.0,0.9393939393939394,0.6290845370972703,838.1121071403584,2338.2907800058265,867.1125550478301,1525.571026338355,188.62043512994427,327.5283021139221,200.88615316457347,190.99372555589994,1329.050734243523,396.4181988016709,1.5857672534742984,0.5925239540074797,-1.1182994531027814,0.9665551516482516,0.3121859956122012,1.532731508160682,0.28794897332131886,0.6306095663213338
egm,0.61,0.4,0.61,0.4,0.1,2.0,150.0,3,2Mu2E_200GeV_0p25GeV_1p0mm_info,18.277940871369296,0.15516078838174274,1.024061203319502,0.0,0.9393939393939394,0.6261070137952067,846.160208062325,2377.050644162185,859.0644541258634,1486.8111621819967,188.76485523973233,329.1745947865264,200.7504533200184,188.1421750551354,1373.435824264251,411.56811219448963,1.6231392249103365,0.6063777569555073,-1.1644988481004537,0.9849787219089758,0.31821850803373736,1.5987575992325087,0.2999080913056916,0.6160900954477524
egm,0.62,0.4,0.62,0.4,0.1,2.0,150.0,3,2Mu2E_200GeV_0p25GeV_1p0mm_info,18.308973029045642,0.15516078838174274,0.9930290456431535,0.0,0.9409888357256778,0.627166234699099,846.1602080648604,2385.031337709489,859.064454123328,1478.8304686346926,188.76485523973233,329.25677696348305,200.7504533200184,187.99831571312083,1385.4837911799616,415.24765421066445,1.6373776242072595,0.6117625965596334,-1.1823667484064913,0.9849787219148343,0.31821850803566676,1.6127821195836143,0.3026676076409944,0.6107326649734526
egm,0.63,0.4,0.63,0.4,0.1,2.0,150.0,3,2Mu2E_200GeV_0p25GeV_1p0mm_info,18.308973029045642,0.15516078838174274,0.9930290456431535,0.0,0.9409888357256778,0.6269231955025426,846.8210958409134,2418.6327341250967,858.4035663472752,1445.2290722190853,188.76601215876923,330.8788963642852,200.7493654673543,185.1284630414882,1436.5632442401588,430.5287125974923,1.6964188200975527,0.6336201999600896,-1.2545218644479241,0.9865069636701905,0.31872214310329305,1.673528979327404,0.3136428179583616,0.5894770726149424
egm,0.64,0.4,0.64,0.4,0.1,2.0,150.0,3,2Mu2E_200GeV_0p25GeV_1p0mm_info,18.308973029045642,0.15516078838174274,0.9930290456431535,0.0,0.9409888357256778,0.6239975369287544,854.8374338707454,2451.0095051489934,850.387228317443,1412.8523011951886,188.91031870764664,331.2081961703986,200.61357523269797,184.53867528759878,1475.2477508796644,444.96120088915677,1.7257640955189235,0.6452831593418209,-1.2834249835485896,1.005233151916107,0.32493964389145424,1.734795281202137,0.32603337894033113,0.579453473737561
egm,0.65,0.4,0.65,0.4,0.1,2.0,150.0,3,2Mu2E_200GeV_0p25GeV_1p0mm_info,18.308973029045642,0.15516078838174274,0.9930290456431535,0.0,0.9409888357256778,0.6239429428974194,854.9880948038121,2486.8173866775055,850.2365673843761,1377.044419666676,188.91034577616412,332.822791250566,200.61354974328157,181.6105214780609,1535.4501629455565,463.1304565451735,1.7958731499037832,0.671466948539298,-1.3604427919657158,1.0055884769036145,0.3250584138987154,1.8059093455238417,0.3393246851881353,0.5568322016806013
egm,0.66,0.4,0.66,0.4,0.1,2.0,150.0,3,2Mu2E_200GeV_0p25GeV_1p0mm_info,18.308973029045642,0.15516078838174274,0.9930290456431535,0.0,0.9409888357256778,0.6207905151821828,863.755252786201,2502.5978260630595,841.4694094019874,1361.263980281122,189.05570406366928,332.9858930297101,200.47657180543638,181.31129840844866,1546.9883469869583,469.74846317463937,1.7910031134362003,0.6704008956391153,-1.3492892968661385,1.0264844367902235,0.33209267510182605,1.8384368221850949,0.34611663012545535,0.5583463213982974
egm,0.67,0.4,0.67,0.4,0.1,2.0,150.0,3,2Mu2E_200GeV_0p25GeV_1p0mm_info,18.308973029045642,0.15516078838174274,0.9930290456431535,0.0,0.9409888357256778,0.6205548105071867,864.4161405609864,2508.7213752229777,840.8085216272023,1355.1404311212036,189.05685920287897,333.0026376424579,200.47548246659187,181.28054283490258,1556.5577280655523,473.0608636317927,1.8007041458705084,0.6742391530724025,-1.358632295645211,1.0280772831465799,0.3326334294511127,1.8512630260373346,0.34887571199525685,0.5553383115673194
egm,0.68,0.4,0.68,0.4,0.1,2.0,150.0,3,2Mu2E_200GeV_0p25GeV_1p0mm_info,18.308973029045642,0.15516078838174274,0.9930290456431535,0.0,0.9409888357256778,0.6205548105067001,864.416140562254,2572.9665565539876,840.8085216259345,1290.895249790194,189.05685920287897,334.93087671631,200.47548246659187,177.69271146953378,1675.8696780089147,510.36346224798007,1.9387302010798362,0.726899064446184,-1.4909440181973794,1.0280772831496374,0.33263342945215135,1.9931644778863085,0.37761263380335724,0.5158015279501081
egm,0.6900000000000001,0.4,0.6900000000000001,0.4,0.1,2.0,150.0,3,2Mu2E_200GeV_0p25GeV_1p0mm_info,18.340005186721992,0.15516078838174274,0.9619968879668049,0.0,0.9425837320574163,0.6187603694765025,872.432478592086,2584.529476209616,832.7921835961024,1279.332330134565,189.20094391825117,335.01551484201127,200.33950659396356,177.53308621914164,1682.4212875435596,515.6291289198463,1.9284257851778024,0.7240233228733844,-1.4747305330706322,1.0475992639902212,0.3393020554218451,2.02021743321203,0.3836252504394044,0.5185576793704816
egm,0.7000000000000001,0.4,0.7000000000000001,0.4,0.1,2.0,150.0,3,2Mu2E_200GeV_0p25GeV_1p0mm_info,18.37103734439834,0.15516078838174274,0.9309647302904565,0.0,0.9441786283891548,0.6171931000754484,879.8801125227544,2588.6465986928447,825.3445496654339,1275.2152076513366,189.34378812170067,335.0301923525752,200.2045078952882,177.50538611418952,1675.4233704412204,516.3092109138157,1.904149606970339,0.7157030492173924,-1.4466185907603615,1.0660761167919839,0.3456923526032394,2.029968418789921,0.38583251164126575,0.525168818846689
egm,0.71,0.4,0.71,0.4,0.1,2.0,150.0,3,2Mu2E_200GeV_0p25GeV_1p0mm_info,18.37103734439834,0.15516078838174274,0.9309647302904565,0.0,0.9441786283891548,0.617191341591404,879.8851610432396,2590.9852960841467,825.3395011449488,1272.8765102600341,189.3437881553845,335.03217976124415,200.20450786343167,177.50163495523194,1680.007836193888,517.8341054688113,1.9093489816352618,0.7177604370231344,-1.4511672835375742,1.0660887547762132,0.3456967604460888,2.035535478264767,0.38710698939301325,0.5237387243601481
egm,0.72,0.4,0.72,0.4,0.1,2.0,150.0,3,2Mu2E_200GeV_0p25GeV_1p0mm_info,18.40206950207469,0.15516078838174274,0.8999325726141079,0.0,0.9457735247208932,0.6182275876548016,879.8929648056758,2608.473791291966,825.3316973825127,1255.3880150522152,189.34378820898948,335.1961317867649,200.20450781273465,177.1918314216002,1714.8929860185522,529.3364737478579,1.948979085651953,0.7333547163025885,-1.48528516980065,1.0661082902743233,0.3457035740642483,2.0778227607848176,0.3966132908466129,0.513089138494008
egm,0.73,0.4,0.73,0.4,0.1,2.0,150.0,3,2Mu2E_200GeV_0p25GeV_1p0mm_info,18.40206950207469,0.15516078838174274,0.8999325726141079,0.0,0.9457735247208932,0.6170973994384971,883.1412251222905,2618.649312113853,822.0834370658981,1245.2124942303287,189.36857398756274,335.27938878580926,200.18106370930033,177.03424341851272,1728.8199700432888,535.3771792297772,1.9575804196026465,0.7373582577303017,-1.4891822144097782,1.0742720085376176,0.3485562304802095,2.1029738492404473,0.4023548775000383,0.510834696744148
egm,0.74,0.4,0.74,0.4,0.1,2.0,150.0,3,2Mu2E_200GeV_0p25GeV_1p0mm_info,18.43310165975104,0.15516078838174274,0.8689004149377594,0.0,0.9473684210526316,0.6181335612546657,883.1438263751681,2653.794320558319,822.0808358130204,1210.067485785862,189.36857400542874,336.87382346161894,200.18106369239936,173.9810879196387,1802.902299869331,558.8439803169546,2.0414594384578084,0.7694410348694806,-1.5587625494436619,1.0742785720114225,0.34855853286538946,2.193096130365695,0.42062869257679514,0.4898456374697485
egm,0.75,0.4,0.75,0.4,0.1,2.0,150.0,3,2Mu2E_200GeV_0p25GeV_1p0mm_info,18.43310165975104,0.15516078838174274,0.8689004149377594,0.0,0.9473684210526316,0.6181335612546657,883.1438263751681,2666.4190973013497,822.0808358130204,1197.4427090428321,189.36857400542874,336.96993104131053,200.18106369239936,173.79487179248267,1830.5778001600286,568.1599934251664,2.0727969165266873,0.7819392454024714,-1.5819899018756531,1.0742785720114225,0.34855853286538946,2.2267613115559692,0.42853383481368745,0.482439930331267
