ACounts,A_Unc,QCD_ACounts,QCDA_Unc,TTJets_ACounts,TTJetsA_Unc,DY_ACounts,DYA_Unc,BCounts,B_Unc,QCD_BCounts,QCDB_Unc,TTJets_BCounts,TTJetsB_Unc,DY_BCounts,DYB_Unc,CCounts,C_Unc,QCD_CCounts,QCDC_Unc,TTJets_CCounts,TTJetsC_Unc,DY_CCounts,DYC_Unc,DCounts,D_Unc,QCD_DCounts,QCDD_Unc,TTJets_DCounts,TTJetsD_Unc,DY_DCounts,DYD_Unc,prediction,predictionUnc,closure,closureUnc,closureSignificance,tf_AB,tf_AB_Unc,tf_CD,tf_CD_Unc,tf_AC,tf_AC_Unc,tf_BD,tf_BD_Unc,tf_closure_ratio,tf_closure_ratio_Unc,tf_AC_minus_BD,tf_AC_minus_BD_pull,status,muIsoCut,egmIsoCut,mu_idx,egm_idx,dPhiCut,mJJCut,pixelCut,n_valid_neighbors,valid_neighbor_count,closure_compatible_neighbor_count,closure_central_good_neighbor_count,target_a_neighbor_count,sideband_neighbor_count,closure_compatible_neighbor_fraction,target_a_neighbor_fraction,sideband_neighbor_fraction,local_stability_status,closure_local_mean,closure_local_std,local_closure_mean,local_closure_std,closureSignificance_local_mean,closureSignificance_local_std,tf_AC_local_mean,tf_AC_local_std,local_tf_AC_mean,local_tf_AC_std,tf_BD_local_mean,tf_BD_local_std,local_tf_BD_mean,local_tf_BD_std,ACounts_local_mean,ACounts_local_std,local_A_mean,local_A_std,closure_compatible,closure_central_good,finite_required_values,target_a_pass,sideband_min_pass,candidate_range_pass,edge_margin_pass,closure_significance_pass,neighbor_count_pass,local_stability_pass,no_zero_denominator_status,candidate_filter_status,candidate_hard_pass
0.0,0.0,0.0,0.0,0.0,0.0,0.0,0.0,2.187378730131629,1.1521374371022102,2.187378730131629,1.1521374371022102,0.0,0.0,0.0,0.0,0.6686915334182771,0.6609031298600546,0.6686915308828079,0.6609031298600546,0.0,0.0,2.535469273075912e-09,1.7928475164821038e-09,5566.23039826882,468.7051767962458,5250.949072061661,467.67453612651053,315.2813259434806,31.065592131057098,2.636780190324643e-07,2.7003873503267422e-08,0.0002627777746449659,0.0002951272026386682,,,,0.0,0.0,0.00012013364262216851,0.00011916456253438009,0.0,0.0,0.0003929730847670151,0.00020961535576994678,0.0,0.0,-0.0003929730847670151,-1.8747342403592977,invalid:A,0.0,0.0,0,0,2.0,150.0,3,2,2,2,0,0,1,1.0,0.0,0.5,unstable:too_few_valid_neighbors,-17.33242030363068,15.725912846752454,-17.33242030363068,15.725912846752454,-1.1736281113909697,0.20962417424894625,0.02932696794026766,0.025421712220907146,0.02932696794026766,0.025421712220907146,0.1378546717108814,0.0048481713834617746,0.1378546717108814,0.0048481713834617746,14.861900962912657,14.859299710034964,14.861900962912657,14.859299710034964,False,False,False,False,False,False,False,False,False,False,False,"fail:status,finite_values,target_a,sideband_min,candidate_range,edge_margin,closure_compatible,closure_significance,neighbor_count,local_stability",False
0.0026012528776915727,0.0026012528776915727,0.0026012528776915727,0.0026012528776915727,0.0,0.0,0.0,0.0,653.690654612828,91.82833869276452,470.03162974447685,88.71452247011386,183.65902482144503,23.71027815047171,4.690618155190437e-08,7.917000267679857e-09,0.6660902805405856,0.6608980106962666,0.6660902780051163,0.6608980106962666,0.0,0.0,2.535469273075912e-09,1.7928475164821038e-09,4914.7271223861235,459.62313517620163,4783.104821047316,459.1846389685967,131.6223011220356,20.072212744998016,2.1677183748055993e-07,2.5817247935092264e-08,0.08859433711681242,0.0891661446708017,-33.058333150383135,48.3214429031501,-0.9640039371420234,3.979333128499839e-06,4.018404830212226e-06,0.00013552945340680392,0.0001350689813082808,0.0039052557193605163,0.005501381948824915,0.13300650032741962,0.022446054225720356,0.029361389930168985,0.04165749159840567,-0.1291012446080591,-5.586283611658171,valid,0.0,0.10714285714285714,0,1,2.0,150.0,3,4,4,4,0,1,2,1.0,0.25,0.5,unstable:too_few_valid_neighbors,-30.674597519988172,35.81111390338197,-30.674597519988172,35.81111390338197,-0.7391103468890282,0.6618160782041242,0.13136199868778495,0.19252926096417816,0.13136199868778495,0.19252926096417816,0.24030574293866627,0.10259635141274512,0.24030574293866627,0.10259635141274512,52.726266128311785,75.14788843776294,52.726266128311785,75.14788843776294,True,False,True,False,False,False,False,True,False,False,True,"fail:target_a,sideband_min,candidate_range,edge_margin,neighbor_count,local_stability",False
0.0026012528776915727,0.0026012528776915727,0.0026012528776915727,0.0026012528776915727,0.0,0.0,0.0,0.0,1439.8808084748266,234.13898469243676,1210.307027368153,232.6334940208293,229.57378102680627,26.508896854941362,7.986728210189123e-08,1.0376855221184672e-08,0.6660902805405856,0.6608980106962666,0.6660902780051163,0.6608980106962666,0.0,0.0,2.535469273075912e-09,1.7928475164821038e-09,4128.536968524125,406.03547384861446,4042.82942342364,405.7122830547303,85.70754491667435,16.197203523672744,1.8381073693057308e-07,2.4930504605784478e-08,0.23230762349328304,0.23468645962056464,-88.3060515129308,126.94612276145875,-0.9787197016857345,1.8065751431515453e-06,1.8303040407307969e-06,0.0001613380927962722,0.0001608649127109481,0.0039052557193605163,0.005501381948824915,0.3487629684443778,0.06627821074239842,0.011197449479167806,0.01591686982143479,-0.3448577127250173,-5.18535163658087,valid,0.0,0.21428571428571427,0,2,2.0,150.0,3,6,6,6,1,2,3,1.0,0.3333333333333333,0.5,stable,-42.50825071472403,50.94987373172369,-42.50825071472403,50.94987373172369,-0.6513160935320821,0.6275343449955705,0.1770588406923368,0.22850929768458408,0.1770588406923368,0.22850929768458408,0.3335801598053214,0.1562618241608789,0.3335801598053214,0.1562618241608789,68.33120107856377,86.91643725881731,68.33120107856377,86.91643725881731,True,False,True,False,False,False,False,True,True,True,True,"fail:target_a,sideband_min,candidate_range,edge_margin",False
0.002601254145426209,0.0026012528776918815,0.0026012528776915727,0.0026012528776915727,0.0,0.0,1.267734636537956e-09,1.2677346365379562e-09,1907.081121355143,271.7745708405902,1659.1414377409703,270.37469928623824,247.9396835089508,27.548853723216755,1.0522197483265035e-07,1.1824641493719294e-08,0.6660902792728509,0.6608980106962666,0.6660902780051163,0.6608980106962666,0.0,0.0,1.267734636537956e-09,1.2677346365379562e-09,3661.3366556438086,381.8696804155667,3593.9950130508223,381.59968703825876,67.34164243452985,14.357286407605137,1.5845604419981393e-07,2.4277294695362587e-08,0.3469465706632928,0.3496521096242943,-132.37665267091634,189.35990838613859,-0.98479539583096,1.3639976382220161e-06,1.3777777841428636e-06,0.00018192543923708807,0.00018150183560549046,0.0039052576300406512,0.005501383294563665,0.5208701905123779,0.0919842857483216,0.0074975640786796895,0.010644576982756839,-0.5169649328823372,-5.610119327316317,valid,0.0,0.3214285714285714,0,3,2.0,150.0,3,6,6,6,1,2,3,1.0,0.3333333333333333,0.5,stable,-65.08752581169456,69.23719902556132,-65.08752581169456,69.23719902556132,-0.4751662860462209,0.5443257535844257,0.25825883442204073,0.25557880420278706,0.25825883442204073,0.25557880420278706,0.5126615212489344,0.1358996804522969,0.5126615212489344,0.1358996804522969,96.91887248541104,97.12467162766761,96.91887248541104,97.12467162766761,True,False,True,False,False,False,False,True,True,True,True,"fail:target_a,sideband_min,candidate_range,edge_margin",False
0.002601254145426209,0.0026012528776918815,0.0026012528776915727,0.0026012528776915727,0.0,0.0,1.267734636537956e-09,1.2677346365379562e-09,2228.7008674431836,284.4891048782285,1968.5172488206308,283.08591092979935,260.1836184970471,28.220875738739505,1.2550572901725764e-07,1.2866101359535309e-08,0.6660902792728509,0.6608980106962666,0.6660902780051163,0.6608980106962666,0.0,0.0,1.267734636537956e-09,1.2677346365379562e-09,3339.716909555768,372.49405281407957,3284.619201971162,372.2676002486202,55.0977074464335,12.986654187735223,1.3817229001520664e-07,2.3741790580885684e-08,0.4445035382979026,0.44742862645283454,-169.88047282095607,242.4578628919621,-0.9876319708928163,1.167161633678739e-06,1.1766315133222327e-06,0.00019944513182150244,0.00019913679569544195,0.0039052576300406512,0.005501383294563665,0.6673322703089928,0.11312014502237494,0.005852043732625746,0.008303312798352313,-0.6634270126789521,-5.85787650745068,valid,0.0,0.42857142857142855,0,4,2.0,150.0,3,6,6,6,1,1,3,1.0,0.16666666666666666,0.5,stable,-95.71445058075007,103.84360836337822,-95.71445058075007,103.84360836337822,-0.6902923569029618,0.40560210030746213,0.27244002628164177,0.26857000795144,0.27244002628164177,0.26857000795144,0.7656217169020351,0.24703015469693906,0.7656217169020351,0.24703015469693906,100.50461313707338,100.50749732765968,100.50461313707338,100.50749732765968,True,False,True,False,False,False,False,True,True,True,True,"fail:target_a,sideband_min,candidate_range,edge_margin",False
0.0026012554131608456,0.0026012528776921907,0.0026012528776915727,0.0026012528776915727,0.0,0.0,2.535469273075912e-09,1.7928475164821038e-09,2866.7462901402505,355.58741627618923,2600.440703983082,354.4393510087662,266.30558599109526,28.550955683837753,1.6607323738647225e-07,1.4729745404165452e-08,0.6660902780051163,0.6608980106962666,0.6660902780051163,0.6608980106962666,0.0,0.0,0.0,0.0,2701.671486858701,305.35792041847895,2652.6957468087107,305.11234917371894,48.97573995238534,12.243934988096335,9.760478164599204e-08,2.2632803284368804e-08,0.70678905361284,0.7112387211418318,-270.7107478323339,385.4683016981022,-0.9900797968656181,9.073894756949642e-07,9.143423160326656e-07,0.00024654747301626804,0.0002462076516555716,0.0039052595407207927,0.005501384640302752,1.061100990288603,0.17806390540682956,0.003680384408706114,0.005221256571328373,-1.0571957307478823,-5.934338706470289,valid,0.0,0.5357142857142857,0,5,2.0,150.0,3,6,6,6,0,0,3,1.0,0.0,0.5,stable,-104.84550629359804,108.44091765355144,-104.84550629359804,108.44091765355144,-0.8901190714382636,0.2737931208500377,0.28239018683348915,0.2775658270750505,0.28239018683348915,0.2775658270750505,1.1068425857152466,0.3586302474700649,1.1068425857152466,0.3586302474700649,102.69004481800282,102.7439104399255,102.69004481800282,102.7439104399255,True,False,True,False,False,False,False,True,True,True,True,"fail:target_a,sideband_min,candidate_range,edge_margin",False
0.005202508290852418,0.0036787270987939007,0.005202505755383145,0.003678727098793464,0.0,0.0,2.535469273075912e-09,1.7928475164821038e-09,3306.116344005932,381.2951577463572,3033.688790336967,380.20008023060683,272.42755348514345,28.877262914957132,1.8382152229800364e-07,1.5474673346892513e-08,0.6634890251274247,0.6608928914928265,0.6634890251274247,0.6608928914928265,0.0,0.0,0.0,0.0,2262.3014329930193,272.5800301846314,2219.447660454826,272.3393070316163,42.853772458337176,11.453152447847641,7.985649673446066e-08,2.213015293637717e-08,0.9696196439836273,0.9792716848728207,-185.37541542961338,229.77961297911204,-0.9848240745977527,1.5736010924977549e-06,1.1274064720299608e-06,0.0002932805573347626,0.00029426242296212246,0.007841136919865802,0.009578355949230904,1.461395150880468,0.2437439090175189,0.0053655145325626945,0.006615066959792609,-1.453554013960602,-5.958848370361594,valid,0.0,0.6428571428571428,0,6,2.0,150.0,3,6,6,6,0,0,3,1.0,0.0,0.5,stable,-114.04523031681374,115.0722582093929,-114.04523031681374,115.0722582093929,-1.0445755450587502,0.11401356563733872,0.2993885181771922,0.2940698753507841,0.2993885181771922,0.2940698753507841,1.5067136838702704,0.3280711467998414,1.5067136838702704,0.3280711467998414,106.39081936553607,106.55548735179897,106.39081936553607,106.55548735179897,True,False,True,False,False,False,False,True,True,True,True,"fail:target_a,sideband_min,candidate_range,edge_margin",False
0.005202508290852418,0.0036787270987939007,0.005202505755383145,0.003678727098793464,0.0,0.0,2.535469273075912e-09,1.7928475164821038e-09,3549.5577211682266,386.5348512531594,3264.8862324972206,385.4060409929304,284.6714884732398,29.519058241375873,1.9776660329992115e-07,1.6035715680582636e-08,0.6634890251274247,0.6608928914928265,0.6634890251274247,0.6608928914928265,0.0,0.0,0.0,0.0,2018.8600558307248,265.0974895071093,1988.2502182945727,264.92071026625393,30.609837470240837,9.679680521352758,6.591141573254314e-08,2.1727057020958565e-08,1.1665457371597516,1.178898520437619,-223.2275594660544,276.56358794549686,-0.985103937747411,1.4656778955379754e-06,1.048608274658309e-06,0.0003286453774798228,0.000330191640008039,0.007841136919865802,0.009578355949230904,1.7581989949806833,0.29993100961928043,0.004459755091574233,0.0055006881064086684,-1.7503578580608175,-5.832894655376148,valid,0.0,0.75,0,7,2.0,150.0,3,4,4,4,0,0,2,1.0,0.0,0.5,unstable:too_few_valid_neighbors,-103.1190709534645,102.06367990121022,-103.1190709534645,102.06367990121022,-1.0918779201094708,0.1094610873810971,0.3111124747587357,0.3038118979171964,0.3111124747587357,0.3038118979171964,1.7092518252425293,0.19380226936359257,1.7092518252425293,0.19380226936359257,108.91230242395514,108.97983366630822,108.91230242395514,108.97983366630822,True,False,True,False,False,False,False,True,False,False,True,"fail:target_a,sideband_min,candidate_range,edge_margin,neighbor_count,local_stability",False
0.0,0.0,0.0,0.0,0.0,0.0,0.0,0.0,2.187378730131629,1.1521374371022102,2.187378730131629,1.1521374371022102,0.0,0.0,0.0,0.0,572.5872676804313,210.29371191503301,545.0384137188912,210.0931190627313,27.54885372321675,9.182951241072251,2.3832332630170517e-07,2.640201056750997e-08,4994.3118221218065,418.8812890038706,4706.579349873652,417.8286608845627,287.73247222026384,29.67733850865482,2.7890162003835033e-08,5.946202518491657e-09,0.25077833645081815,0.1623982438686738,,,,0.0,0.0,0.11464788104423378,0.04319063988806892,0.0,0.0,0.0004379740008308759,0.00023359623579368019,0.0,0.0,-0.0004379740008308759,-1.8749189144370837,invalid:A,0.10714285714285714,0.0,1,0,2.0,150.0,3,3,3,3,1,1,2,1.0,0.3333333333333333,0.6666666666666666,unstable:too_few_valid_neighbors,-11.584269268015573,15.197106212442396,-11.584269268015573,15.197106212442396,-0.8457768622333196,0.4942345051708735,0.06098207302814509,0.049345046942364995,0.06098207302814509,0.049345046942364995,0.13697842345372058,0.004147947186094966,0.13697842345372058,0.004147947186094966,51.572508917541946,53.315444898378935,51.572508917541946,53.315444898378935,False,False,False,False,False,False,False,False,False,False,False,"fail:status,finite_values,target_a,sideband_min,candidate_range,edge_margin,closure_compatible,closure_significance,neighbor_count,local_stability",False
29.72120067294762,10.607255596878492,11.35529815023561,7.503075522759749,18.365902482144502,7.497848291161511,4.056750836921459e-08,7.3920996810820134e-09,623.9720551927581,91.2136498696444,458.678932847119,88.39666487807455,165.2931223393005,22.493544873484534,6.3386731826897805e-09,2.8347408247298585e-09,542.8660670074838,210.0260255294695,533.6831155686557,209.95909729089317,9.182951241072251,5.301779370988272,1.977558179324906e-07,2.5346065262913202e-08,4372.52714565918,408.8311775973991,4250.087795756665,408.372558965088,122.43934988096335,19.359361042705515,2.1551488821145254e-08,5.227003811700007e-09,77.46853118141215,32.84798072160546,-1.606507456878227,1.444584449411332,-1.3832522856399159,0.04763226241560788,0.018370317994189148,0.12415384717426245,0.04941591889412361,0.054748680161174804,0.028817305262266134,0.14270284309434317,0.02476274726876907,0.38365514641484444,0.21263022171104604,-0.08795416293316836,-2.314879238831859,valid,0.10714285714285714,0.10714285714285714,1,1,2.0,150.0,3,6,6,6,1,2,4,1.0,0.3333333333333333,0.6666666666666666,stable,-20.389171134453395,32.658252882892555,-20.389171134453395,32.658252882892555,-0.3593126290400295,0.8346656956509207,0.20081451759017757,0.2232232489010578,0.20081451759017757,0.2232232489010578,0.23350684127614552,0.09746897338800604,0.23350684127614552,0.09746897338800604,123.25112719907588,142.06034092116957,123.25112719907588,142.06034092116957,True,False,True,False,True,True,False,True,True,True,True,"fail:target_a,edge_margin",False
181.17866133454413,117.39169408258776,159.75177503311468,117.11200830437096,21.426886229168588,8.098601761836372,7.226087428266349e-08,9.901324034156213e-09,1258.70474839316,202.58394388497766,1050.5578535879158,201.00527370699177,208.14689479763769,25.24151861455845,7.606407819227737e-09,3.1053029887706838e-09,391.4086063458872,174.478180387758,385.28663868577655,174.4244713003996,6.121967494048167,4.3288847292450745,1.660624520190417e-07,2.447508824044458e-08,3737.794452458779,366.6368876398369,3658.208875015869,366.30451433095686,79.58557742262617,15.608015856866164,2.0283754184607296e-08,5.070938546151825e-09,131.80710647302524,63.7919184181541,0.272502040239468,0.5883536568308901,0.3695345369115609,0.14394055600873326,0.09609811907128592,0.10471646082315003,0.047796186365202685,0.462888803151244,0.36404620287897943,0.3367506598885245,0.06347120270517859,1.3745743016642502,1.1116674708423067,0.1261381432627195,0.34134024211280395,valid,0.10714285714285714,0.21428571428571427,1,2,2.0,150.0,3,9,9,9,2,3,6,1.0,0.3333333333333333,0.6666666666666666,stable,-28.256110639698104,46.22617426596855,-28.256110639698104,46.22617426596855,-0.24305242381004818,0.8326689601338018,0.27791449981725463,0.28020883870226726,0.27791449981725463,0.28020883870226726,0.32347567277119943,0.15069388183624588,0.32347567277119943,0.15069388183624588,158.51261520638806,171.23614201160188,158.51261520638806,171.23614201160188,True,False,True,True,True,True,False,True,True,True,True,fail:edge_margin,False
199.07954070399006,117.89112624355315,174.59167063144955,117.5727888372859,24.48786997619267,8.657769458490149,9.634783237688466e-08,1.1338963298919434e-08,1708.0041819052983,244.8736403032799,1484.5523683623985,243.47303207113774,223.4518135327581,26.15305659892986,1.0141877092303648e-08,3.5856950329642076e-09,373.50772697644123,174.14111411160061,370.4467430874417,174.11420965139507,3.0609837470240837,3.0609837470240837,1.4197549392482052e-07,2.384311375036126e-08,3288.4950189466404,339.8525591824167,3224.214360241386,339.56295429764947,64.28065868750576,14.02718972176742,1.7748284911531385e-08,4.743428667271421e-09,193.9953553142528,96.72702070817877,0.025538462524870353,0.7543648710475522,0.03334022219458031,0.11655682276018467,0.0710167657178758,0.11358014071010573,0.05423999461188285,0.5329997917728403,0.40171720572033387,0.5193877965648859,0.09179339504127522,1.0262077686421998,0.794423444424072,0.01361199520795442,0.0330331081800034,valid,0.10714285714285714,0.3214285714285714,1,3,2.0,150.0,3,9,9,9,1,2,6,1.0,0.2222222222222222,0.6666666666666666,stable,-43.26083148409265,64.4101671890865,-43.26083148409265,64.4101671890865,-0.008823333349021658,0.7958728589067637,0.42188358161532424,0.3240908238499862,0.42188358161532424,0.3240908238499862,0.49570598583878867,0.1345662033150848,0.49570598583878867,0.1345662033150848,224.312620298333,199.70371834057255,224.312620298333,199.70371834057255,True,True,True,True,True,True,False,True,True,True,True,fail:edge_margin,False
201.24722911276348,117.8967304716092,176.75935902247468,117.57840823849803,24.48786997619267,8.657769458490149,1.1409611728841605e-07,1.2291143324188121e-08,2027.4562395845655,258.9100456631355,1791.7604910510336,257.51301110783106,235.69574852085444,26.86002337052243,1.2677346365379561e-08,4.008928920145659e-09,371.3400385676678,174.13731999519123,368.27905469641655,174.1104149486988,3.0609837470240837,3.0609837470240837,1.2422720901328913e-07,2.3366513599404894e-08,2969.0429612673724,329.28475511771154,2917.0062375527505,329.0428032755601,52.03672369940942,12.620759307279226,1.5212815638455474e-08,4.391561601997208e-09,253.5752052170431,126.41060566526733,-0.26001836812848267,0.9692421812469969,-0.3027254069739559,0.09926094836651068,0.05951560597068269,0.12507061817965637,0.06026894777414283,0.5419486406287185,0.40667991116931806,0.6828652417744474,0.11549899168784654,0.7936392240736216,0.6104899992901165,-0.1409166011457289,-0.3333229161421105,valid,0.10714285714285714,0.42857142857142855,1,4,2.0,150.0,3,9,9,9,2,1,6,1.0,0.1111111111111111,0.6666666666666666,stable,-63.736145058474534,96.09492370372189,-63.736145058474534,96.09492370372189,-0.27668217564787934,0.7273592919751807,0.4817615913435126,0.3732983507534668,0.4817615913435126,0.3732983507534668,0.7498899723526601,0.25181187560323665,0.7498899723526601,0.25181187560323665,244.95116483922286,221.00076123263176,244.95116483922286,221.00076123263176,True,False,True,False,True,True,False,True,True,True,True,"fail:target_a,edge_margin",False
202.69310524198272,117.9004749125338,178.20523511492965,117.58216281649459,24.48786997619267,8.657769458490149,1.508604217480168e-07,1.4059857266963874e-08,2664.0557861536813,335.47263470533835,2422.2380701210304,334.36759492761445,241.8177160149026,27.206618651793214,1.7748284911531385e-08,4.743428667271421e-09,369.8941624384486,174.13478482601312,366.8331786039616,174.10787938775871,3.0609837470240837,3.0609837470240837,8.746290455368841e-08,2.2346958979680237e-08,2332.4434146982576,250.8405331322607,2286.5286584827545,250.5602297643894,45.91475620536126,11.855139075235854,1.0141877092303648e-08,3.5856950329642076e-09,422.4834255351484,210.83854395109387,-1.0843502546905661,1.5974698604578903,-0.9098617930490005,0.07608440720178296,0.045281223922136356,0.15858655352901707,0.0765809505759972,0.5479759504874896,0.4100542914949972,1.142173811962904,0.1891426480962297,0.4797658156298956,0.36769800508433903,-0.5941978614754143,-1.3158359412818081,valid,0.10714285714285714,0.5357142857142857,1,5,2.0,150.0,3,9,9,9,1,0,6,1.0,0.0,0.6666666666666666,stable,-69.90366350549583,101.39779552184362,-69.90366350549583,101.39779552184362,-0.5755499923489695,0.6061315370394774,0.5326999640793832,0.42378347766119306,0.5326999640793832,0.42378347766119306,1.0976148662084353,0.3676272854025602,1.0976148662084353,0.3676272854025602,259.6001935090446,237.6796632221603,259.6001935090446,237.6796632221603,True,False,True,False,True,True,False,True,True,True,True,"fail:target_a,edge_margin",False
212.18952953542123,118.13512155309044,187.70165939442307,117.81744341296448,24.48786997619267,8.657769458490149,1.648055027499343e-07,1.4675089388581426e-08,3093.9320169788016,362.53288180520815,2845.992333448299,361.4846484271854,247.9396835089508,27.548853723216755,2.1551488821145254e-08,5.227003811700007e-09,360.39773814501,173.97568314750035,357.33675432446813,173.94875310027345,3.0609837470240837,3.0609837470240837,7.351782355177088e-08,2.1947845302991655e-08,1902.567183873137,209.83987063527553,1862.7743951554853,209.54943624055656,39.79278871131309,11.036533853257225,6.3386731826897805e-09,2.8347408247298585e-09,586.0744946854606,298.22223952467596,-1.7620330558658694,2.0832550327075303,-1.1655913862504383,0.06858247963141172,0.039019351152573,0.18942707579520687,0.09379895680001668,0.5887648757940995,0.4338497428036301,1.6261880490760658,0.26168309468245327,0.36205214773814864,0.27307673138677185,-1.0374231732819663,-2.047575526965629,valid,0.10714285714285714,0.6428571428571428,1,6,2.0,150.0,3,9,9,9,1,0,6,1.0,0.0,0.6666666666666666,stable,-76.13063122707783,108.17945328632626,-76.13063122707783,108.17945328632626,-0.857224159537131,0.3184073306698925,0.5822684361484437,0.470850570261057,0.5822684361484437,0.470850570261057,1.509033319447781,0.3334650329901607,1.509033319447781,0.3334650329901607,271.8906640971951,250.19193813521528,271.8906640971951,250.19193813521528,True,False,True,False,True,False,False,True,True,True,True,"fail:target_a,candidate_range,edge_margin",False
223.4492751438176,118.40518915138749,195.90042124565346,118.0485587564708,27.54885372321675,9.182951241072251,1.7494737984223793e-07,1.5106801694345478e-08,3326.1136485326997,367.9529894278062,3068.991013757322,366.88193499121405,257.12263475002305,28.05437944353484,2.5354692730759122e-08,5.669481649459717e-09,349.1379925366137,173.79199191282387,349.1379924732378,173.79199191282387,0.0,0.0,6.337594645946724e-08,2.165296064224541e-08,1670.3855523192387,200.18356393410252,1639.7757148464625,199.94940123532118,30.609837470240837,9.679680521352758,2.535469273075912e-09,1.7928475164821038e-09,695.2123362088323,364.16104818884656,-2.111275862324351,2.3182053427498417,-1.2319922818422813,0.06718028869590528,0.03636615239328828,0.20901641064355156,0.10701594075395392,0.6400027494011118,0.4653003578548567,1.9912251060328996,0.3247607041088137,0.321411550839766,0.23948309547248414,-1.3512223566317878,-2.3813128887284147,valid,0.10714285714285714,0.75,1,7,2.0,150.0,3,6,6,6,0,0,4,1.0,0.0,0.6666666666666666,stable,-68.88593997859833,96.37675958949245,-68.88593997859833,96.37675958949245,-0.9476237779340404,0.2284622093495824,0.6132621585542778,0.4952762757658071,0.6132621585542778,0.4952762757658071,1.7172563698515793,0.18999536006114454,1.7172563698515793,0.18999536006114454,279.41330659415297,257.1403076738747,279.41330659415297,257.1403076738747,True,False,True,False,True,False,False,True,True,True,True,"fail:target_a,candidate_range,edge_margin",False
0.0,0.0,0.0,0.0,0.0,0.0,0.0,0.0,2.187378730131629,1.1521374371022102,2.187378730131629,1.1521374371022102,0.0,0.0,0.0,0.0,1130.6372097223987,254.5541356826491,1072.478518275405,254.20421944698154,58.15869119345759,13.342518821098452,2.5353614194016063e-07,2.6764752479913657e-08,4436.26188007984,393.5570753466472,4179.139245317139,392.55588563852245,257.12263475002305,28.05437944353484,1.2677346365379561e-08,4.008928920145659e-09,0.5574810168775788,0.32314367345246053,,,,0.0,0.0,0.25486259384264537,0.06167417815565822,0.0,0.0,0.0004930679904073343,0.00026336695155089056,0.0,0.0,-0.0004930679904073343,-1.8721710810859216,invalid:A,0.21428571428571427,0.0,2,0,2.0,150.0,3,4,4,4,1,2,3,1.0,0.5,0.75,unstable:too_few_valid_neighbors,-2.03775753648267,2.7426432750400584,-2.03775753648267,2.7426432750400584,-0.6277878671781132,0.8270751550277112,0.08323214736569329,0.05999276676312963,0.08323214736569329,0.05999276676312963,0.10104881296117532,0.05835642388165092,0.10104881296117532,0.05835642388165092,87.41158170146028,77.304504215455,87.41158170146028,77.304504215455,False,False,False,False,False,False,False,False,False,False,False,"fail:status,finite_values,target_a,sideband_min,candidate_range,edge_margin,closure_compatible,closure_significance,neighbor_count,local_stability",False
124.99372482680053,39.44477610084238,91.32290356389717,38.11593531779831,33.67082121726492,10.152134578255039,4.563844691536642e-08,7.814841145523362e-09,528.6995310389052,82.92498677837703,378.7113274334574,80.10893819491226,149.98820360418011,21.426886229168588,1.267734636537956e-09,1.2677346365379562e-09,1005.643484895598,251.4794576729776,981.1556147115077,251.33038148918362,24.48786997619267,8.657769458490149,2.0789769502479422e-07,2.5598442006912832e-08,3909.7497277710663,384.72320640154595,3802.615296613814,384.2967717681251,107.13443114584292,18.10902406216569,1.1409611728841605e-08,3.8032039096138685e-09,135.98907241557473,42.313775163961466,-0.08796719678535925,0.48216080927998217,-0.19007436391801938,0.23641731737719787,0.08331421188648504,0.25721428605838453,0.06912169542809674,0.12429228320389993,0.050045371742162725,0.13522592693939897,0.02503826439274286,0.9191453593037753,0.40734304453048753,-0.010933643735499043,-0.19538530906000498,valid,0.21428571428571427,0.10714285714285714,2,1,2.0,150.0,3,7,7,7,1,3,6,1.0,0.42857142857142855,0.8571428571428571,stable,-1.0066888193090104,2.3912601989863993,-1.0066888193090104,2.3912601989863993,-0.028989681397539196,0.9504526332830179,0.2631666820418023,0.21415747387860198,0.2631666820418023,0.21415747387860198,0.19284271442037162,0.1152389553395551,0.19284271442037162,0.1152389553395551,202.26272520104735,167.14944758061296,202.26272520104735,167.14944758061296,True,True,True,True,True,True,False,True,True,True,True,fail:edge_margin,False
403.6079738544077,169.49619241563553,363.81518506576276,169.1364956592871,39.79278871131309,11.036533853257225,7.733181282881532e-08,1.0220803396214583e-08,1036.2754358732966,161.5305076949042,846.4944435552679,159.72222257156855,189.7809923154932,24.102210126289812,2.535469273075912e-09,1.7928475164821038e-09,727.029235867991,189.91800533320264,708.6633332096421,189.76994235322175,18.365902482144502,7.497848291161511,1.7620432911134532e-07,2.4736352868743054e-08,3402.1738229366747,358.88214508374057,3334.832180492003,358.5948443395652,67.34164243452985,14.357286407605137,1.0141877092303648e-08,3.5856950329642076e-09,221.44739731182025,71.29884530094185,0.45133047001766546,0.2903406258780179,0.9906399772339556,0.3894794374955695,0.17446656161389473,0.21369549990847816,0.06020211301617886,0.5551468275860258,0.2745584053418919,0.3045921489628089,0.057328629939955404,1.8225907314958731,0.9644642262511349,0.25055467862321695,0.8933075534643119,valid,0.21428571428571427,0.21428571428571427,2,2,2.0,150.0,3,9,9,9,2,4,9,1.0,0.4444444444444444,1.0,stable,0.03178332433197343,0.6022035769081922,0.03178332433197343,0.6022035769081922,0.33043472569901716,0.7220240700863965,0.42231536502380096,0.2369902853187173,0.42231536502380096,0.2369902853187173,0.3126339417161777,0.14523484303409567,0.3126339417161777,0.14523484303409567,298.581982915744,182.238523742699,298.581982915744,182.238523742699,True,False,True,False,True,True,True,True,True,True,True,fail:target_a,False
488.02463170490165,173.61835146696401,442.1098753968539,173.21312780390826,45.91475620536126,11.855139075235854,1.0268650555957444e-07,1.1687935841611726e-08,1419.059090904387,209.08870222048643,1217.0341635969942,207.6046492188391,202.02492730358952,24.86754951679014,3.8032039096138685e-09,2.195780800998604e-09,642.6125780174968,186.1571272528513,630.3686428785509,186.05643644076412,12.243934988096335,6.121967494048167,1.508496363805862e-07,2.4077876382135787e-08,3019.3901679055843,333.422275170441,2964.292460450277,333.1692668792268,55.0977074464335,12.986654187735223,8.874142455765693e-09,3.3541105767022896e-09,302.0163576268718,103.66830149949868,0.38114525782892283,0.3059337411955013,0.9198591335861226,0.3439071951499049,0.13242584615828273,0.21282859858527273,0.0659814112002676,0.7594383434113452,0.34841787172872996,0.469982020206658,0.08653815765985493,1.6158880781809672,0.7988218420639522,0.28945632320468717,0.8062760578722713,valid,0.21428571428571427,0.3214285714285714,2,3,2.0,150.0,3,9,9,9,1,2,9,1.0,0.2222222222222222,1.0,stable,0.23250797663094339,0.20951954701864586,0.23250797663094339,0.20951954701864586,0.5734132207545861,0.4292602767605469,0.6372613035685808,0.15117783593296188,0.6372613035685808,0.15117783593296188,0.4811559753650141,0.13482160702331408,0.4811559753650141,0.13482160702331408,414.53297519579553,168.67864062551553,414.53297519579553,168.67864062551553,True,False,True,False,True,True,True,True,True,True,True,fail:target_a,False
545.6677422132216,177.13737147096816,499.75298588615783,176.74021627561334,45.91475620536126,11.855139075235854,1.217025251076438e-07,1.267734636537956e-08,1683.0357264841073,222.61267356001642,1468.7668641873506,221.13463981151898,214.26886229168585,25.61002743005544,5.070938546151824e-09,2.5354692730759125e-09,584.9694675091771,182.81181477545908,572.7255323892471,182.70928037595291,12.243934988096335,6.121967494048167,1.3183361683251687e-07,2.3571950798422304e-08,2755.4135323258643,324.5490664699902,2712.5597598599206,324.3469158872155,42.853772458337176,11.453152447847641,7.606407819227737e-09,3.1053029887706838e-09,357.3055373250218,128.34891068808784,0.3451957854869797,0.3170331705483901,0.8610886053160524,0.3242163749863656,0.11364990257154793,0.21229824875520598,0.07090229093559931,0.932814057008302,0.4203329698302149,0.6108105758860249,0.10818160860531184,1.5271740435325432,0.739403959640672,0.32200348112227706,0.7418902035503956,valid,0.21428571428571427,0.42857142857142855,2,4,2.0,150.0,3,9,9,9,2,1,9,1.0,0.1111111111111111,1.0,stable,-0.03620160524677799,0.42874599890788206,-0.03620160524677799,0.42874599890788206,0.16087272558518118,0.6097439570867363,0.7478873481218177,0.1762948934114563,0.7478873481218177,0.1762948934114563,0.7450661467241695,0.2647186212940458,0.7450661467241695,0.2647186212940458,460.70416352091746,192.70914009820066,460.70416352091746,192.70914009820066,True,False,True,False,True,True,True,True,True,True,True,fail:target_a,False
567.8404308124423,177.47620473068392,518.8646907003224,177.05335156843233,48.97573995238534,12.243934988096335,1.5973456420378247e-07,1.4454398781275653e-08,2298.9084605832218,308.1308283426615,2081.578614535638,307.04944919127763,217.32984603870995,25.792307505683503,8.874142455765693e-09,3.3541105767022896e-09,562.7967789099562,182.48288891710612,553.6138275750824,182.40585484856086,9.182951241072251,5.301779370988272,9.380157773637819e-08,2.2526036739357888e-08,2139.5407982267498,244.83441670023802,2099.7480095116334,244.58554029511168,39.79278871131309,11.036533853257225,3.8032039096138685e-09,2.195780800998604e-09,604.717740226033,223.1674167394396,-0.06494308508611879,0.5150168425831922,-0.12933317831531865,0.24700436774606674,0.08399962156867537,0.26304559341724254,0.0904465510509247,1.0089617639821158,0.45438964476860694,1.074486853669047,0.18936573203293236,0.939017318394187,0.45411791599285545,-0.06552508968693127,-0.1331081457275414,valid,0.21428571428571427,0.5357142857142857,2,5,2.0,150.0,3,9,9,9,1,0,9,1.0,0.0,1.0,stable,-0.3990752389053616,0.6187463446297952,-0.3990752389053616,0.6187463446297952,-0.3204675374215618,0.6365467074523588,0.8468261687233579,0.22555620834132598,0.8468261687233579,0.22555620834132598,1.1155208795851488,0.3929056968206891,1.1155208795851488,0.3929056968206891,495.56150497669455,214.80313077189285,495.56150497669455,214.80313077189285,True,True,True,False,True,True,True,True,True,True,True,fail:target_a,False
606.7532996477202,178.23985461189557,557.7775595191197,177.81881741839624,48.97573995238534,12.243934988096335,1.762151144787759e-07,1.5159901336781762e-08,2699.3682468665024,337.0705438959073,2475.9164333236026,336.05441403560815,223.4518135327581,26.15305659892986,1.0141877092303648e-08,3.5856950329642076e-09,523.8839100746785,181.73706892395634,514.7009587562852,181.6597185855252,9.182951241072251,5.301779370988272,7.732102746138475e-08,2.205741069958319e-08,1739.0810119434689,203.15498372867387,1705.4101907236684,202.9011620895818,33.67082121726492,10.152134578255039,2.535469273075912e-09,1.7928475164821038e-09,813.1625739041893,314.49611572731,-0.34018648827507003,0.6508888944885917,-0.570990929511877,0.2247760380052093,0.07174810977043998,0.3012418090225851,0.1102677642805577,1.1581827347230969,0.5264789129669916,1.5521808520293643,0.2654132583164303,0.7461648126948974,0.3623901556166012,-0.39399811730626744,-0.6682502320069147,valid,0.21428571428571427,0.6428571428571428,2,6,2.0,150.0,3,9,9,9,1,0,9,1.0,0.0,1.0,stable,-0.8007481269666211,0.6740046154772035,-0.8007481269666211,0.6740046154772035,-0.7912695173778784,0.3560424292574641,0.9402374854609392,0.26297193573655503,0.9402374854609392,0.26297193573655503,1.562429036123963,0.3597914520319111,1.562429036123963,0.3597914520319111,524.3272929716819,230.5970222324452,524.3272929716819,230.5970222324452,True,False,True,False,True,False,False,True,True,True,True,"fail:target_a,candidate_range,edge_margin",False
634.0773302213771,178.72417530337708,582.0406063343429,178.27800557662738,52.03672369940942,12.620759307279226,1.876247262076175e-07,1.5629682291046724e-08,2915.48559345514,342.7343875495466,2682.8508286686324,341.69397005946325,232.63476477383037,26.685037642196903,1.2677346365379561e-08,4.008928920145659e-09,496.5598795010215,181.2607987273262,490.4379119410619,181.20909997091528,6.121967494048167,4.3288847292450745,6.591141573254314e-08,2.1727057020958565e-08,1522.9636653548312,193.4467331518361,1498.4757953786384,193.2528954378726,24.48786997619267,8.657769458490149,0.0,0.0,950.5894381503513,384.0225735455059,-0.4991695694568823,0.738484637795079,-0.747240057654482,0.21748601044189433,0.06641959717474073,0.32604840863706974,0.12601812563741316,1.2769403175676273,0.5889132236412081,1.9143500661099941,0.3313186458228972,0.6670359513515733,0.3285791100393131,-0.6374097485423669,-0.9433114560166057,valid,0.21428571428571427,0.75,2,7,2.0,150.0,3,6,6,6,0,0,6,1.0,0.0,1.0,stable,-0.9820925527612839,0.6910213931327134,-0.9820925527612839,0.6910213931327134,-0.9527974831343234,0.24179829945878636,0.9928774638899127,0.27298075599570376,0.9928774638899127,0.27298075599570376,1.790161005630895,0.19546259505134447,1.790161005630895,0.19546259505134447,539.5353653695914,236.96829916686474,539.5353653695914,236.96829916686474,True,False,True,False,True,False,False,True,True,True,True,"fail:target_a,candidate_range,edge_margin",False
0.09738617884141444,0.09240670314442745,0.09738617884141444,0.09240670314442745,0.0,0.0,0.0,0.0,2.089992551290215,1.1484257377760336,2.089992551290215,1.1484257377760336,0.0,0.0,0.0,0.0,1461.3649400786617,266.5742906264926,1375.6573949071835,266.08176003069144,85.70754491667435,16.197203523672744,2.548038765766986e-07,2.6794759308859677e-08,4105.534149723577,385.5167014871461,3875.9603686853607,384.6042193126116,229.57378102680627,26.508896854941362,1.1409611728841605e-08,3.8032039096138685e-09,0.7439328789133844,0.43634668224643786,-6.6389985495253825,8.521444335492873,-1.44957821088335,0.04659642388739378,0.05109248364080025,0.355950014488871,0.07302843157624306,6.66405605954748e-05,6.439102622420682e-05,0.0005090671457283903,0.000283781327327732,0.13090721166089644,0.14602941865360355,-0.0004424265851329155,-1.5203927907660775,valid,0.3214285714285714,0.0,3,0,2.0,150.0,3,5,5,5,1,2,3,1.0,0.4,0.6,stable,-3.006643782558017,3.909540332209754,-3.006643782558017,3.909540332209754,-0.33092976177973343,1.0178328071704128,0.08955458553998948,0.07450130314946173,0.08955458553998948,0.07450130314946173,0.0758196543579587,0.06174342345287022,0.0758196543579587,0.06174342345287022,114.59742758343627,101.89405618466543,114.59742758343627,101.89405618466543,True,False,True,False,False,False,False,True,True,True,True,"fail:target_a,sideband_min,candidate_range,edge_margin",False
194.83401512725152,52.847387882359804,142.79729138220367,51.3182505595847,52.03672369940942,12.620759307279226,4.563844691536642e-08,7.814841145523362e-09,458.8592407384543,75.09725286487516,327.23693961515096,72.36507212302452,131.6223011220356,20.072212744998016,1.267734636537956e-09,1.2677346365379562e-09,1266.6283111302516,261.28339892926215,1232.9574897038212,261.0860944583854,33.67082121726492,10.152134578255039,2.091654296613322e-07,2.562981436315834e-08,3648.7649015364123,378.13337411468126,3550.8134216215,377.73670821270207,97.95147990477068,17.315538916980298,1.0141877092303648e-08,3.5856950329642076e-09,159.2879017495279,45.07515882070796,0.1824430572582897,0.32046777178033087,0.5117533917288319,0.42460519006591213,0.13451186824934225,0.34713892106255,0.08013750513100203,0.1538209855371029,0.052417838801085366,0.12575741466523072,0.02436083618964606,1.2231563915859602,0.4794555374160169,0.028063570871872195,0.4855114570435854,valid,0.3214285714285714,0.10714285714285714,3,1,2.0,150.0,3,8,8,8,1,2,6,1.0,0.25,0.75,stable,-1.726817372504904,3.504729124245635,-1.726817372504904,3.504729124245635,0.1717216273294622,1.034363706472226,0.2470224685980485,0.21258494304784917,0.2470224685980485,0.21258494304784917,0.16044566448527137,0.11968830263667721,0.16044566448527137,0.11968830263667721,253.2001821469959,200.47239627096297,253.2001821469959,200.47239627096297,True,False,True,True,True,True,False,True,True,True,True,fail:edge_margin,False
481.4061144125386,173.16342459588085,417.125455647701,172.59434975190484,64.28065868750576,14.02718972176742,7.733181282881532e-08,1.0220803396214583e-08,958.4772953151655,157.5928061232439,793.1841729733295,155.97927099721576,165.2931223393005,22.493544873484534,2.535469273075912e-09,1.7928475164821038e-09,980.0562118449648,202.6728628707929,958.629325438324,202.51099227880547,21.426886229168588,8.098601761836372,1.774720637478833e-07,2.4768817177161503e-08,3149.146846959701,351.83654367533535,3084.8661882633214,351.55681107598485,64.28065868750576,14.02718972176742,8.874142455765693e-09,3.3541105767022896e-09,298.2908301316218,85.56390286408926,0.3803759005104722,0.285072806747507,0.9480491847841624,0.5022613647350334,0.1986445122766619,0.3112132458323263,0.07314995427146276,0.49120255409257313,0.20380563013047506,0.3043609402465667,0.06050299528025978,1.613881707996577,0.742504671196735,0.18684161384600645,0.8788548155498287,valid,0.3214285714285714,0.21428571428571427,3,2,2.0,150.0,3,9,9,9,1,2,9,1.0,0.2222222222222222,1.0,stable,0.2841808493504825,0.15164534919761435,0.2841808493504825,0.15164534919761435,0.759199846429036,0.37200545699576776,0.4493477838013862,0.2274922624151902,0.4493477838013862,0.2274922624151902,0.29983618019339986,0.14134650937350923,0.29983618019339986,0.14134650937350923,420.03692521821733,180.1288207931519,420.03692521821733,180.1288207931519,True,False,True,False,True,True,True,True,True,True,True,fail:target_a,False
584.3919836043143,177.51143104292038,513.9893573200739,176.90338282920405,70.40262618155393,14.679962346325988,1.0268650555957444e-07,1.1687935841611726e-08,1322.6917390049744,205.79385124791267,1145.1546816737741,204.4692425879119,177.53705732739687,23.31175769807255,3.8032039096138685e-09,2.195780800998604e-09,877.070342653189,198.87572202536703,861.7654237659511,198.75790475755505,15.304918735120419,6.844567736367871,1.5211737101712415e-07,2.4111227305595425e-08,2784.9324032698933,325.99591530532484,2732.8956795628774,325.75152068756984,52.03672369940942,12.620759307279226,7.606407819227737e-09,3.1053029887706838e-09,416.560809659698,124.49892956265633,0.28718938427165874,0.30375419593999314,0.7740627344098756,0.4418202415355953,0.15078560827247806,0.3149341584102321,0.08036557092013853,0.6663000162980024,0.252563827851945,0.47494572487718284,0.09247391165788006,1.4028971762411426,0.5978248560737196,0.19135429142081956,0.7114579226019372,valid,0.3214285714285714,0.3214285714285714,3,3,2.0,150.0,3,9,9,9,0,0,9,1.0,0.0,1.0,stable,0.31859958040133013,0.0892854877830611,0.31859958040133013,0.0892854877830611,0.822504677341333,0.18988572872594794,0.6747836911844335,0.1413209283940471,0.6747836911844335,0.1413209283940471,0.46550127499575666,0.13146833468771807,0.46550127499575666,0.13146833468771807,571.9926520806251,101.85071905255874,571.9926520806251,101.85071905255874,True,False,True,False,True,True,True,True,True,True,True,fail:target_a,False
646.1928998214784,180.9620464769171,575.7902735182219,180.36563134539892,70.40262618155393,14.679962346325988,1.217025251076438e-07,1.267734636537956e-08,1582.5105688758504,219.51489365432198,1392.7295765552863,218.18769901874958,189.7809923154932,24.102210126289812,5.070938546151824e-09,2.5354692730759125e-09,815.2694264360248,195.74115228255565,799.964507567803,195.62144716110478,15.304918735120419,6.844567736367871,1.3310135146905482e-07,2.3606016511726837e-08,2525.1135733990163,316.91900774667374,2485.3207846813643,316.72677877255995,39.79278871131309,11.036533853257225,6.3386731826897805e-09,2.8347408247298585e-09,510.93641783394344,155.51138937294766,0.2093128569269359,0.32702596580040605,0.5668699993289208,0.40833401844545464,0.12761049700389815,0.3228644584641804,0.08747005889432034,0.7926126981681754,0.2923756263470513,0.6267086698780274,0.11723519990669276,1.2647227272640682,0.5230857425425932,0.16590402829014794,0.5266725574242557,valid,0.3214285714285714,0.42857142857142855,3,4,2.0,150.0,3,9,9,9,1,0,9,1.0,0.0,1.0,stable,0.12909675011993318,0.21975586405964187,0.12909675011993318,0.21975586405964187,0.3653354960648584,0.5420292831086303,0.8231406003701127,0.12318918202059762,0.8231406003701127,0.12318918202059762,0.7337258021838456,0.2709610787990789,0.7337258021838456,0.2709610787990789,644.9113775249181,102.6383575155853,644.9113775249181,102.6383575155853,True,False,True,False,True,True,True,True,True,True,True,fail:target_a,False
711.1999084731633,184.37353979310873,637.7362983848508,183.7627036693027,73.46360992857801,14.995696582323022,1.5973456420378247e-07,1.4454398781275653e-08,2155.5489829225007,304.053956469738,1962.7070068511093,303.08170893412546,192.84197606251726,24.295805285509118,8.874142455765693e-09,3.3541105767022896e-09,750.2624177843398,192.53118912575044,738.0184827011741,192.43383356410408,12.243934988096335,6.121967494048167,9.506931237291614e-08,2.2561681725695433e-08,1952.0751593523657,237.0140028823259,1915.3433543855413,236.77669248536404,36.731804964289005,10.603558741976544,2.535469273075912e-09,1.7928475164821038e-09,828.4657400776274,262.6274175306515,-0.16488448635520192,0.4770323320918211,-0.36544578623064605,0.3299391079060129,0.09737609088306258,0.3843409482415893,0.10911153609588813,0.9479348713393706,0.34578180714945655,1.104234625698347,0.20551481113224315,0.8584542173180556,0.35154594475080103,-0.15629975435897647,-0.38856811779888334,valid,0.3214285714285714,0.5357142857142857,3,5,2.0,150.0,3,9,9,9,1,0,9,1.0,0.0,1.0,stable,-0.13462394135662167,0.3080825440223035,-0.13462394135662167,0.3080825440223035,-0.2007649759260327,0.65563847403739,0.9611222984655249,0.12704479705073196,0.9611222984655249,0.12704479705073196,1.1187692737404993,0.4120264340988218,1.1187692737404993,0.4120264340988218,701.7659699901832,112.57444467128416,701.7659699901832,112.57444467128416,True,False,True,False,True,True,True,True,True,True,True,fail:target_a,False
766.2693999320583,185.40295688239826,692.8057898259974,184.79552349758728,73.46360992857801,14.995696582323022,1.7748284911531386e-07,1.5212815638455474e-08,2539.8521465821646,333.184244695958,2340.888203016725,332.269040863192,198.96394355656545,24.678439931860847,8.874142455765693e-09,3.3541105767022896e-09,695.1929263254452,191.54008599058346,682.9489912600278,191.44222641643594,12.243934988096335,6.121967494048167,7.732102746138475e-08,2.205741069958319e-08,1567.7719956927021,193.93995228830107,1537.162158219926,193.69824180563188,30.609837470240837,9.679680521352758,2.535469273075912e-09,1.7928475164821038e-09,1126.2398174399523,370.8447500331389,-0.4697700541608618,0.6005690683612138,-0.8682179611077931,0.3016984279825949,0.083036283498506,0.4434273148362254,0.13392269569452558,1.1022399263788532,0.4041691033791291,1.6200392362921114,0.2921087634478492,0.6803785375603747,0.2780124028781429,-0.5177993099132583,-1.038343069985645,valid,0.3214285714285714,0.6428571428571428,3,6,2.0,150.0,3,9,9,9,1,0,9,1.0,0.0,1.0,stable,-0.45499475434843006,0.26695281394444853,-0.45499475434843006,0.26695281394444853,-0.785589151354621,0.4040435703396384,1.0846530100652891,0.11186034114455781,1.0846530100652891,0.11186034114455781,1.5941405736829837,0.3934312974777802,1.5941405736829837,0.3934312974777802,747.3414085668657,118.98177544516129,747.3414085668657,118.98177544516129,True,False,True,False,True,False,False,True,True,True,True,"fail:target_a,candidate_range,edge_margin",False
794.4733577371545,185.8698366481418,717.9487638726599,185.23864509901352,76.52459367560209,15.304918735120419,1.8889246084415547e-07,1.568101143510002e-08,2755.089565939363,338.91237078517537,2546.942671130316,337.9710946357086,208.14689479763769,25.24151861455845,1.1409611728841605e-08,3.8032039096138685e-09,666.9889685203487,191.08706075087767,657.8060172133651,191.01349670091633,9.182951241072251,5.301779370988272,6.591141573254314e-08,2.1727057020958565e-08,1352.5345763355037,183.74670319757126,1331.1076901063352,183.56814425569465,21.426886229168588,8.098601761836372,0.0,0.0,1358.645006137899,462.07148017097205,-0.7101202864846681,0.7059305552283658,-1.1327522824390683,0.2883657096157868,0.07622160560126011,0.49314004994050403,0.1563603303600228,1.1911341794746886,0.44057791657834866,2.0369827242449348,0.3733209155771927,0.5847541882890618,0.2413841015005762,-0.8458485447702462,-1.4647361453004715,valid,0.3214285714285714,0.75,3,7,2.0,150.0,3,6,6,6,0,0,6,1.0,0.0,1.0,stable,-0.6013512082256919,0.19889440004647496,-0.6013512082256919,0.19889440004647496,-0.9973669263729473,0.30420107570117055,1.1497096811386747,0.07204173924455863,1.1497096811386747,0.07204173924455863,1.8381295623936127,0.23072570808272316,1.8381295623936127,0.23072570808272316,769.531638140728,118.4076909450676,769.531638140728,118.4076909450676,True,False,True,False,True,False,False,True,True,True,True,"fail:target_a,candidate_range,edge_margin",False
0.09738617884141444,0.09240670314442745,0.09738617884141444,0.09240670314442745,0.0,0.0,0.0,0.0,2.089992551290215,1.1484257377760336,2.089992551290215,1.1484257377760336,0.0,0.0,0.0,0.0,1744.9563692133952,275.98943358897924,1622.5170190750925,275.3096122418971,122.43934988096335,19.359361042705515,2.5733934584977453e-07,2.6854672379998948e-08,3821.9427205888433,378.8334886144327,3629.100744517452,378.05360194198676,192.84197606251726,24.295805285509118,8.874142455765693e-09,3.3541105767022896e-09,0.9542125773723088,0.553753984449287,-8.798234089522778,10.898216544784649,-1.5262012621002459,0.04659642388739378,0.05109248364080025,0.4565626689833152,0.08522055532478197,5.5810093913875296e-05,5.368710023484779e-05,0.0005468403647264006,0.00030533184250677593,0.10205920687987002,0.11351671401228704,-0.0004910302708125253,-1.5838875378836978,valid,0.42857142857142855,0.0,4,0,2.0,150.0,3,6,6,6,0,1,3,1.0,0.16666666666666666,0.5,stable,-3.8165043700567285,4.094351749197199,-3.8165043700567285,4.094351749197199,-0.38409528342589966,1.1104341493271768,0.07863715916609715,0.07882961480738088,0.07863715916609715,0.07882961480738088,0.060765972985203864,0.060244577277570696,0.060765972985203864,0.060244577277570696,130.3852495439687,136.3765202241585,130.3852495439687,136.3765202241585,True,False,True,False,False,False,False,True,True,True,True,"fail:target_a,sideband_min,candidate_range,edge_margin",False
252.96462560544654,62.69792383385433,179.50101562996235,60.878228761082596,73.46360992857801,14.995696582323022,4.690618155190437e-08,7.917000267679857e-09,400.7286302602592,67.09257887996102,290.5332153673922,64.52989823934445,110.195414892867,18.365902482144502,0.0,0.0,1492.0891297867902,268.7734107732544,1443.1133896239717,268.49438056446513,48.97573995238534,12.243934988096335,2.1043316429787015e-07,2.5661148364768004e-08,3423.304082879874,372.84677393896396,3340.6575217013497,372.50736510330256,82.64656116965025,15.905338112964817,8.874142455765693e-09,3.3541105767022896e-09,174.66249527639877,46.97790733224001,0.3095378657851434,0.2525359599090062,0.9994516362741163,0.6312616731206724,0.18881215114804387,0.4358622820709406,0.09174871215275984,0.16953720830443522,0.0519455245023991,0.11705902267470904,0.023380747801413772,1.4483053457191066,0.5297164936328087,0.052478185629726185,0.9212376300274004,valid,0.42857142857142855,0.10714285714285714,4,1,2.0,150.0,3,9,9,9,0,1,6,1.0,0.1111111111111111,0.6666666666666666,stable,-2.4386139388209993,3.869874182583774,-2.4386139388209993,3.869874182583774,0.02993374912209881,1.0877761699892243,0.2036630126624179,0.19008574414581275,0.2036630126624179,0.19008574414581275,0.14232505799997008,0.12549076509019844,0.14232505799997008,0.12549076509019844,283.83477347295843,250.65838915332523,283.83477347295843,250.65838915332523,True,False,True,False,True,True,False,True,True,True,True,"fail:target_a,edge_margin",False
567.6002309918392,176.90983687188276,478.8317022495412,176.1402036973653,88.76852866369843,16.4839019496848,7.859954746535328e-08,1.0299124874121565e-08,872.283178735865,153.37527107567072,731.4779263714894,151.96371668446514,140.80525236310785,20.760601845300574,1.267734636537956e-09,1.2677346365379562e-09,1177.4535244003976,211.83268305369734,1143.7827030043927,211.58927140389983,33.67082121726492,10.152134578255039,1.7873979838442125e-07,2.4801238990508696e-08,2951.7495344042686,346.39884122196656,2899.7128106972527,346.16885133476256,52.03672369940942,12.620759307279226,7.606407819227737e-09,3.1053029887706838e-09,347.95394768649066,96.58807957284084,0.38697356222271617,0.2558606076220423,1.0897326655162465,0.6507063816298968,0.2328597321390648,0.39890021516952145,0.0856833549530064,0.48205743940584156,0.1734813052677814,0.2955139548830019,0.062470826715641505,1.631251016882417,0.6808399289872775,0.18654348452283964,1.0116983764840897,valid,0.42857142857142855,0.21428571428571427,4,2,2.0,150.0,3,9,9,9,1,1,9,1.0,0.1111111111111111,1.0,stable,0.2405516647789776,0.11876141150270272,0.2405516647789776,0.11876141150270272,0.6915776067223187,0.3271867959213463,0.4062195623847612,0.1928452744870103,0.4062195623847612,0.1928452744870103,0.3057152295333591,0.15175643090669563,0.3057152295333591,0.15175643090669563,522.2419301957066,215.02715281381586,522.2419301957066,215.02715281381586,True,False,True,False,True,True,True,True,True,True,True,fail:target_a,False
682.5090268364559,181.34537646888037,584.5575468277309,180.51680719161442,97.95147990477068,17.315538916980298,1.039542401961124e-07,1.1756487372778913e-08,1224.5746957728327,202.4234961552476,1074.586492166117,201.28626466362724,149.98820360418011,21.426886229168588,2.535469273075912e-09,1.7928475164821038e-09,1062.544728555781,208.04814448853995,1038.056858426203,207.86792309812506,24.48786997619267,8.657769458490149,1.5338510565366213e-07,2.4144532161356294e-08,2599.4580173673003,320.2200168348993,2556.6042449026245,320.01513164341077,42.853772458337176,11.453152447847641,6.3386731826897805e-09,2.8347408247298585e-09,500.55256865968823,142.31711137017558,0.26659934304483324,0.28540169689979983,0.7893242582460319,0.5573437285552617,0.17440767600596277,0.408756256672271,0.09455745989213069,0.6423343963732496,0.21200630814617202,0.47108846828504164,0.09711684189899723,1.3635111865752403,0.5306082053512832,0.171245928088208,0.7343569646356832,valid,0.42857142857142855,0.3214285714285714,4,3,2.0,150.0,3,9,9,9,1,0,9,1.0,0.0,1.0,stable,0.18928295873741632,0.1669861485843077,0.18928295873741632,0.1669861485843077,0.5236649014297141,0.4498048746224222,0.5941747316823771,0.12659869484014574,0.5941747316823771,0.12659869484014574,0.4841952718663936,0.14588393945006506,0.4841952718663936,0.14588393945006506,700.3095249492685,149.38961030537754,700.3095249492685,149.38961030537754,True,False,True,False,True,True,True,True,True,True,True,fail:target_a,False
748.5332652864686,184.75103144879589,647.5208015104358,183.91233268029896,101.01246365179476,17.584012894814563,1.242379943807197e-07,1.2803492222247738e-08,1480.1702034108605,216.3356354828955,1320.9990485630726,215.2066143542337,159.17115484525235,22.07306770651445,2.535469273075912e-09,1.7928475164821038e-09,996.520490105768,205.02983287895054,975.0936037434981,204.86982457129594,21.426886229168588,8.098601761836372,1.3310135146905482e-07,2.3606016511726837e-08,2343.8625097292725,310.9903918092462,2310.191688505669,310.82464181781575,33.67082121726492,10.152134578255039,6.3386731826897805e-09,2.8347408247298585e-09,629.3116300210446,179.43395027701953,0.15927366330178672,0.31705129616684957,0.46291553765062826,0.5057075622530237,0.1450599726133697,0.4251616662535683,0.10408739696824822,0.7511468883163871,0.24136271296157058,0.631508971736498,0.12465912725357811,1.1894476910611635,0.44855967478627673,0.11963791657988909,0.44040561813252,valid,0.42857142857142855,0.42857142857142855,4,4,2.0,150.0,3,9,9,9,1,0,9,1.0,0.0,1.0,stable,0.024038045301418214,0.19608982934104519,0.024038045301418214,0.19608982934104519,0.09682922912890035,0.5175302544813524,0.7602765916515895,0.15594690028601732,0.7602765916515895,0.15594690028601732,0.7556436766442602,0.2676854982865683,0.7556436766442602,0.2676854982865683,818.4847144784775,205.30536772684283,818.4847144784775,205.30536772684283,True,False,True,False,True,True,True,True,True,True,True,fail:target_a,False
829.842508971817,188.38340018389118,725.7690614107281,187.53596544092426,104.07344739881884,17.848448979800747,1.6227003347685837e-07,1.4565162077556814e-08,2036.9063824238474,301.5859830229155,1874.6742438252322,300.7615587411768,162.23213859227644,22.28429804763697,6.3386731826897805e-09,2.8347408247298585e-09,915.2112464204197,201.6974727826808,896.8453438432058,201.5580630933007,18.365902482144502,7.497848291161511,9.506931237291614e-08,2.2561681725695433e-08,1787.126330716286,229.2640962330526,1756.5164932435098,229.05966385761366,30.609837470240837,9.679680521352758,2.535469273075912e-09,1.7928475164821038e-09,1043.1269446702518,307.5868260585487,-0.2570179683403979,0.467776760453859,-0.5913218394079411,0.407403362340263,0.1104175901775563,0.5121133468240043,0.13059021694307635,0.9067223684340665,0.286878275015043,1.139766309417784,0.22328779349885905,0.7955335764374707,0.2960435957089039,-0.2330439409837174,-0.6410522292331735,valid,0.42857142857142855,0.5357142857142857,4,5,2.0,150.0,3,9,9,9,0,0,9,1.0,0.0,1.0,stable,-0.2306272251446373,0.2930949121378628,-0.2306272251446373,0.2930949121378628,-0.4458543102894112,0.6156132097258599,0.9211651330914266,0.16069306480081244,0.9211651330914266,0.16069306480081244,1.1687605613635101,0.44408229687411604,1.1687605613635101,0.44408229687411604,916.3266118373532,241.56956745643524,916.3266118373532,241.56956745643524,True,False,True,False,True,True,True,True,True,True,True,fail:target_a,False
893.5942747532787,189.5360062443087,789.5208271744415,188.6937479940925,104.07344739881884,17.848448979800747,1.8001831838838976e-07,1.531809589560633e-08,2412.527271760944,330.8505700029997,2244.173165668281,330.07085676992875,168.3541060863246,22.700863033704422,6.3386731826897805e-09,2.8347408247298585e-09,851.4594806389579,200.61475102474824,833.0935780794923,200.4745884139046,18.365902482144502,7.497848291161511,7.732102746138475e-08,2.205741069958319e-08,1411.5054413791893,184.53734393381433,1387.017571400461,184.3341377340359,24.48786997619267,8.657769458490149,2.535469273075912e-09,1.7928475164821038e-09,1455.3037895721861,440.0045393215446,-0.6285956957076471,0.6014821260858974,-1.17244923105632,0.3703975848119757,0.09355425708913012,0.6032279123252918,0.16254256257821928,1.0494853778393562,0.33270840544835006,1.7091873690572892,0.32384209622983634,0.6140259381967029,0.22677551448271732,-0.6597019912179329,-1.4208723338283302,valid,0.42857142857142855,0.6428571428571428,4,6,2.0,150.0,3,9,9,9,0,0,9,1.0,0.0,1.0,stable,-0.5325059905210527,0.2822269043655403,-0.5325059905210527,0.2822269043655403,-0.9760599647666849,0.43751078025274587,1.0808594489256986,0.11269496376053692,1.0808594489256986,0.11269496376053692,1.6817848068804042,0.4505005427593819,1.6817848068804042,0.4505005427593819,1004.0125157559883,270.1677517320001,1004.0125157559883,270.1677517320001,True,False,True,False,True,False,False,True,True,True,True,"fail:target_a,candidate_range,edge_margin",False
922.0221665527793,189.99277708984556,814.8877352155084,189.12778377020032,107.13443114584292,18.10902406216569,1.9142793011723137e-07,1.5783168941790292e-08,2627.540757123738,336.6183831886241,2450.003699787467,335.81021106206657,177.53705732739687,23.31175769807255,8.874142455765693e-09,3.3541105767022896e-09,823.0315888394574,200.18221860458186,807.7266700384256,200.0651707268281,15.304918735120419,6.844567736367871,6.591141573254314e-08,2.1727057020958565e-08,1196.491956016395,173.79354152825513,1181.1870372812746,173.65870830291126,15.304918735120419,6.844567736367871,0.0,0.0,1807.4079254790645,561.9541980360004,-0.9602651552690227,0.7311831645182282,-1.4925510964681437,0.35090689423294785,0.08514370682972366,0.6878705575085201,0.1948713435330065,1.120275550848427,0.3571197645068707,2.196037126627982,0.4253224873139707,0.5101350688768235,0.1902814897211648,-1.075761575779555,-1.9370243709187058,valid,0.42857142857142855,0.75,4,7,2.0,150.0,3,6,6,6,0,0,6,1.0,0.0,1.0,stable,-0.7094750774528112,0.15416808458116568,-0.7094750774528112,0.15416808458116568,-1.2528323458078543,0.22347640588243606,1.1452790236071995,0.07648116914758961,1.1452790236071995,0.07648116914758961,1.9627829891390547,0.2596845621273829,1.9627829891390547,0.2596845621273829,1033.3890786747006,274.20892809133454,1033.3890786747006,274.20892809133454,True,False,True,False,True,False,False,True,True,True,True,"fail:target_a,candidate_range,edge_margin",False
0.18972383719783414,0.13063399992639443,0.18972383719783414,0.13063399992639443,0.0,0.0,0.0,0.0,1.9976548929337952,1.144707574900979,1.9976548929337952,1.144707574900979,0.0,0.0,0.0,0.0,2587.4669607916394,341.0609226699918,2422.1738381949995,340.3183706641924,165.2931223393005,22.493544873484534,2.5733934584977453e-07,2.6854672379998948e-08,2979.432129010599,321.5002746126991,2829.443925397545,320.78546588423114,149.98820360418011,21.426886229168588,8.874142455765693e-09,3.3541105767022896e-09,1.7348493977093604,1.037110393051769,-8.144077114044187,8.338051788049103,-1.4781571784460825,0.09497327985375992,0.08507703109639748,0.8684429947564799,0.14793743590226413,7.332415836520976e-05,5.1404008540973956e-05,0.0006704817584138661,0.000390955992003028,0.10936040756525578,0.0997205874872561,-0.0005971576000486563,-1.5143950621414903,valid,0.5357142857142857,0.0,5,0,2.0,150.0,3,6,6,6,1,0,3,1.0,0.0,0.5,stable,-4.77228883181761,5.115369885641764,-4.77228883181761,5.115369885641764,-0.46089974859077265,1.0834851357335806,0.0756399167714553,0.0762140669781952,0.0756399167714553,0.0762140669781952,0.061427168476032294,0.06086547910193496,0.061427168476032294,0.06086547910193496,159.73820566149396,163.33599493927383,159.73820566149396,163.33599493927383,True,False,True,False,False,False,False,True,True,True,True,"fail:target_a,sideband_min,candidate_range,edge_margin",False
334.1283603362336,66.29277939938773,233.11589663753264,63.918190611209276,101.01246365179476,17.584012894814563,4.690618155190437e-08,7.917000267679857e-09,319.5648955294722,63.542986972156925,236.91833435982193,61.52017078045195,82.64656116965025,15.905338112964817,0.0,0.0,2253.5283242926025,334.55617979235143,2189.2476653946637,334.26198615122496,64.28065868750576,14.02718972176742,2.1043316429787015e-07,2.5661148364768004e-08,2661.864888374061,315.16031751813125,2594.523245930657,314.8331209786215,67.34164243452985,14.357286407605137,8.874142455765693e-09,3.3541105767022896e-09,270.5428613866116,74.38522027896843,0.19030260970854385,0.27453518090241846,0.6381599228713324,1.0455727929146656,0.29369768386486833,0.8465975617827539,0.16076035144703255,0.1482689863421702,0.03674098851106221,0.12005301130241477,0.027782970112928004,1.2350292985877638,0.41874778895549136,0.028215975039755425,0.6125527420081515,valid,0.5357142857142857,0.10714285714285714,5,1,2.0,150.0,3,9,9,9,1,0,6,1.0,0.0,0.6666666666666666,stable,-3.08960407423233,4.807273454567478,-3.08960407423233,4.807273454567478,-0.036989728576065334,1.076592617350094,0.19103138946665463,0.1763827335033837,0.19103138946665463,0.1763827335033837,0.1416352207133385,0.12398014234815323,0.1416352207133385,0.12398014234815323,347.562354953083,306.14236430058077,347.562354953083,306.14236430058077,True,False,True,False,True,True,False,True,True,True,True,"fail:target_a,edge_margin",False
723.195118588436,181.87169567861454,597.694784881849,180.81249737651768,125.50033362798743,19.59985922095793,7.859954746535328e-08,1.0299124874121565e-08,716.6882911392681,147.4576226261534,612.6148437391815,146.3734379577542,104.07344739881884,17.848448979800747,1.267734636537956e-09,1.2677346365379562e-09,1864.4615660404008,288.52254045175306,1824.668777150348,288.3113790144943,39.79278871131309,11.036533853257225,1.7873979838442125e-07,2.4801238990508696e-08,2264.7414927642653,285.69211830380607,2218.8267365512975,285.446040677433,45.91475620536126,11.855139075235854,7.606407819227737e-09,3.1053029887706838e-09,590.0177914033679,169.15393195080082,0.18415130821818793,0.3111335319270118,0.5361935923538781,1.0090790201676443,0.32787535208410784,0.8232557985082454,0.16436348185125224,0.3878841654667636,0.11453495830917874,0.316454788958939,0.07637369686754618,1.225717476871847,0.4674418327385066,0.07142937650782455,0.5188699527827598,valid,0.5357142857142857,0.21428571428571427,5,2,2.0,150.0,3,9,9,9,2,0,9,1.0,0.0,1.0,stable,0.19993122895436738,0.11932207185494562,0.19993122895436738,0.11932207185494562,0.6134338414995768,0.3543056674785758,0.3826742698308686,0.17967863708849813,0.3826742698308686,0.17967863708849813,0.3039148870141507,0.1501403196271216,0.3039148870141507,0.1501403196271216,645.8470574007476,274.3367761830308,645.8470574007476,274.3367761830308,True,False,True,False,True,True,True,True,True,True,True,fail:target_a,False
879.1478962588432,189.18578346283732,744.4646112858293,188.09305494480003,134.6832848690597,20.304269156510077,1.039542401961124e-07,1.1756487372778913e-08,1027.9358263504453,195.11575204966388,914.6794277080187,194.22533486242912,113.2563986398911,18.61923724224994,2.535469273075912e-09,1.7928475164821038e-09,1708.5087883699932,283.7803893388345,1677.8989507463673,283.6152555105332,30.609837470240837,9.679680521352758,1.5338510565366213e-07,2.4144532161356294e-08,1953.4939575530882,255.52608523116987,1916.7621525824604,255.30598264743531,36.731804964289005,10.603558741976544,6.3386731826897805e-09,2.8347408247298585e-09,899.0237141045159,255.43593435533953,-0.022608048009047144,0.3644779720899882,-0.06252892568360777,0.8552556236707357,0.24541027271082166,0.8745912838706913,0.18490625704523145,0.5145703096427126,0.13988017411399273,0.5262037399071453,0.12129982684477368,0.9778917757853914,0.3485401978359784,-0.011633430264432754,-0.06283283862221017,valid,0.5357142857142857,0.3214285714285714,5,3,2.0,150.0,3,9,9,9,1,0,9,1.0,0.0,1.0,stable,0.15209298497207557,0.15042699962391667,0.15209298497207557,0.15042699962391667,0.4605928274895712,0.42943538640483975,0.5624041726799156,0.12085719695015153,0.5624041726799156,0.12085719695015153,0.482024806701807,0.14743324713012257,0.482024806701807,0.14743324713012257,874.5015413206719,212.7849760273555,874.5015413206719,212.7849760273555,True,True,True,False,True,True,True,True,True,True,True,fail:target_a,False
989.8091887430428,195.37845722214243,849.003936255697,194.27233194030856,140.80525236310785,20.760601845300574,1.242379943807197e-07,1.2803492222247738e-08,1238.894279954286,206.78807812511258,1119.5159138178115,205.90263236830017,119.37836613393927,19.11583737329543,2.535469273075912e-09,1.7928475164821038e-09,1597.847495885794,279.5529082146053,1573.3596257764998,279.41881024592305,24.48786997619267,8.657769458490149,1.3310135146905482e-07,2.3606016511726837e-08,1742.5355039492472,246.17560333387087,1711.9256664726677,245.98522610473964,30.609837470240837,9.679680521352758,6.3386731826897805e-09,2.8347408247298585e-09,1136.0251302804136,318.1440691649838,-0.14772134185079677,0.39323642796400493,-0.39163493373870845,0.798945644320487,0.2065284683392224,0.9169669669653586,0.2062014421383674,0.6194641173776884,0.16339345298029984,0.7109721880251398,0.15547148649182163,0.8712916311091823,0.29852508290888546,-0.09150807064745148,-0.4057267453092997,valid,0.5357142857142857,0.42857142857142855,5,4,2.0,150.0,3,9,9,9,2,0,9,1.0,0.0,1.0,stable,0.01740765176522252,0.1629724290573595,0.01740765176522252,0.1629724290573595,0.08547704124025442,0.4503927753989769,0.7509578920033382,0.1825601162354765,0.7509578920033382,0.1825601162354765,0.7507018020367525,0.263918954906272,0.7507018020367525,0.263918954906272,1046.322466755163,282.3097555714558,1046.322466755163,282.3097555714558,True,False,True,False,True,True,True,True,True,True,True,fail:target_a,False
1294.7357523107128,237.14021256192245,1150.8695160383108,236.2098816803292,143.86623611013192,20.985047307038485,1.6227003347685837e-07,1.4565162077556814e-08,1572.0131390849515,264.96590385713523,1449.5737891976494,264.2577252358894,122.43934988096335,19.359361042705515,6.3386731826897805e-09,2.8347408247298585e-09,1292.920932318124,245.12668076697463,1271.4940459938862,244.99286167833029,21.426886229168588,8.098601761836372,9.506931237291614e-08,2.2561681725695433e-08,1409.416644818582,182.09010605918263,1381.8677910928297,181.85840682010956,27.54885372321675,9.182951241072251,2.535469273075912e-09,1.7928475164821038e-09,1442.0779695443962,410.5393747827481,-0.11380099527700693,0.37703878880227404,-0.3107779824144501,0.8236163681585776,0.20500659400106905,0.9173447305814576,0.21046283354536802,1.0014036589146522,0.2639823638066633,1.115364391973176,0.2368704398526247,0.897826455749661,0.3039280812873582,-0.11396073305852372,-0.3213103858992191,valid,0.5357142857142857,0.5357142857142857,5,5,2.0,150.0,3,9,9,9,1,0,9,1.0,0.0,1.0,stable,-0.23271401034585898,0.2925517813328481,-0.23271401034585898,0.2925517813328481,-0.46946342667647634,0.6230723891920052,0.9351327415168377,0.192208251649096,0.9351327415168377,0.192208251649096,1.1918850021405893,0.47769207067311686,1.1918850021405893,0.47769207067311686,1188.0313570796718,320.36341667944436,1188.0313570796718,320.36341667944436,True,False,True,False,True,True,True,True,True,True,True,fail:target_a,False
1366.762308244158,238.17135128541892,1222.8960719540078,237.24506393736368,143.86623611013192,20.985047307038485,1.8001831838838976e-07,1.531809589560633e-08,1939.3592382700654,297.75897091646124,1810.797920888715,297.0974262060328,128.56131737501153,19.83744194650397,6.3386731826897805e-09,2.8347408247298585e-09,1220.8943763846785,244.1249218425387,1199.467490078189,243.99055332969104,21.426886229168588,8.098601761836372,7.732102746138475e-08,2.205741069958319e-08,1042.0705456334683,121.25729738965393,1020.6436594017642,120.98654809418342,21.426886229168588,8.098601761836372,2.535469273075912e-09,1.7928475164821038e-09,2272.161705092868,630.889434194633,-0.6624410048385456,0.5449706427461298,-1.3426265956283912,0.7047494251056491,0.1636768840549156,1.1716043424320224,0.2710496315813235,1.1194762910542881,0.2969223995042504,1.861063290193219,0.3585288964679988,0.6015251050049255,0.19718806390624635,-0.7415869991389308,-1.5930402866448679,valid,0.5357142857142857,0.6428571428571428,5,6,2.0,150.0,3,9,9,9,1,0,9,1.0,0.0,1.0,stable,-0.4933974623576057,0.299845502652447,-0.4933974623576057,0.299845502652447,-0.9591533436663067,0.49705382095795786,1.1394399771617407,0.1658888418309764,1.1394399771617407,0.1658888418309764,1.719256685278489,0.4706323477006895,1.719256685278489,0.4706323477006895,1324.0606470843666,351.6053017247996,1324.0606470843666,351.6053017247996,True,False,True,False,True,False,False,True,True,True,True,"fail:target_a,candidate_range,edge_margin",False
1457.2129648287746,241.12966591169712,1307.2247610331665,240.17577798189586,149.98820360418011,21.426886229168588,1.9142793011723137e-07,1.5783168941790292e-08,2092.3499588477434,302.10209443853324,1957.6666739698094,301.41899760660147,134.6832848690597,20.304269156510077,8.874142455765693e-09,3.3541105767022896e-09,1130.4437198000621,241.20334627666628,1115.1388009990303,241.1062134155063,15.304918735120419,6.844567736367871,6.591141573254314e-08,2.1727057020958565e-08,889.0798250557901,109.99118813488907,873.7749063206697,109.77801856394947,15.304918735120419,6.844567736367871,0.0,0.0,2660.37289784967,760.3212512362907,-0.8256582682561222,0.6029100683873848,-1.5083969081474091,0.6964480098880119,0.1529463038500475,1.2714760676625705,0.31359870182565697,1.2890628160475845,0.3480668827082501,2.3533881884187933,0.4474644787990513,0.5477476356816794,0.18088958389968512,-1.0643253723712087,-1.877449917530247,valid,0.5357142857142857,0.75,5,7,2.0,150.0,3,6,6,6,0,0,6,1.0,0.0,1.0,stable,-0.6759509141952437,0.1729504843327546,-0.6759509141952437,0.1729504843327546,-1.2814714918521597,0.18364864448562213,1.215422219328951,0.14864494295029002,1.215422219328951,0.14864494295029002,2.0248438723213398,0.2272936722383532,2.0248438723213398,0.2272936722383532,1366.7542557066827,361.73097923407954,1366.7542557066827,361.73097923407954,True,False,True,False,True,False,False,True,True,True,True,"fail:target_a,candidate_range,edge_margin",False
0.18972383719783414,0.13063399992639443,0.18972383719783414,0.13063399992639443,0.0,0.0,0.0,0.0,1.9976548929337952,1.144707574900979,1.9976548929337952,1.144707574900979,0.0,0.0,0.0,0.0,3100.729063634538,356.7752117201059,2910.9480710604375,355.96015951922845,189.7809923154932,24.102210126289812,2.586070804863125e-07,2.6884578846352724e-08,2466.1700261677006,303.9678072602766,2340.6696925321066,303.33524913721993,125.50033362798743,19.59985922095793,7.606407819227737e-09,3.1053029887706838e-09,2.5116624238828344,1.500262531940481,-12.238517947872852,12.067314053793528,-1.541854126650101,0.09497327985375992,0.08507703109639748,1.2573054699123518,0.2120004787168054,6.118684777168123e-05,4.2714282678466156e-05,0.000810023182399166,0.00047478017483781984,0.07553715634465553,0.06885442856448477,-0.0007488363346274847,-1.570882951283947,valid,0.6428571428571428,0.0,6,0,2.0,150.0,3,6,6,6,2,0,3,1.0,0.0,0.5,stable,-5.912386009414093,6.305420673661783,-5.912386009414093,6.305420673661783,-0.676399103117773,0.8910299829318273,0.06876788172275887,0.06895042749220019,0.06876788172275887,0.06895042749220019,0.06535866399895184,0.06482519370031711,0.06535866399895184,0.06482519370031711,181.59709136154765,182.02070203081158,181.59709136154765,182.02070203081158,True,False,True,False,False,False,False,True,True,True,True,"fail:target_a,sideband_min,candidate_range,edge_margin",False
370.8594141740466,67.48108482976697,254.54203174022524,64.78928300899364,116.31738238691518,18.869171073015707,4.690618155190437e-08,7.917000267679857e-09,282.8338416916592,62.27958721794314,215.49219925712936,60.602106490182194,67.34164243452985,14.357286407605137,0.0,0.0,2730.059373297689,350.3353706855278,2656.59576315741,350.0142869046592,73.46360992857801,14.995696582323022,2.117008989344081e-07,2.569244415207151e-08,2185.3338393689755,297.5214130478936,2127.175148167911,297.2220860123351,58.15869119345759,13.342518821098452,7.606407819227737e-09,3.1053029887706838e-09,353.3341985035437,102.09468313243869,0.04725568504047262,0.3253298077246835,0.14320251650634452,1.3112271571036094,0.37455298496754086,1.249264219551007,0.2337249704987247,0.13584298488207555,0.03024644328440407,0.1294236315735305,0.033506159061311165,1.0495995455427933,0.3584025776672912,0.006419353308545039,0.14221368889733202,valid,0.6428571428571428,0.10714285714285714,6,1,2.0,150.0,3,9,9,8,2,0,6,0.8888888888888888,0.0,0.6666666666666666,stable,-3.84067097565215,5.924052331465256,-3.84067097565215,5.924052331465256,-0.10017646740336275,1.13760000553346,0.18141514890794444,0.16941610383676434,0.18141514890794444,0.16941610383676434,0.137239933754006,0.11643518064427978,0.137239933754006,0.11643518064427978,413.13233864542417,366.6324389213974,413.13233864542417,366.6324389213974,True,True,True,False,True,False,False,True,True,True,True,"fail:target_a,candidate_range,edge_margin",False
878.8366110285077,191.22406556352226,734.9703748397762,190.06912174302173,143.86623611013192,20.985047307038485,7.859954746535328e-08,1.0299124874121565e-08,561.0467986991964,135.10892238830638,475.3392537812543,134.13452764647184,85.70754491667435,16.197203523672744,1.267734636537956e-09,1.2677346365379562e-09,2222.082176443228,301.20080596261045,2176.167420057859,300.96740885024894,45.91475620536126,11.855139075235854,1.800075330209592e-07,2.4833618475224407e-08,1907.1208823614384,272.2927051852901,1867.3280936437866,272.06894754387025,39.79278871131309,11.036533853257225,6.3386731826897805e-09,2.8347408247298585e-09,653.7037599820809,203.33336803967538,0.2561714523737837,0.28235656693422334,0.8065646764899238,1.5664230026195967,0.5083921387516351,1.1651501470068315,0.22938588104223695,0.3955013996985548,0.10138879297526855,0.2941852317219117,0.08236002712141752,1.3443958331409904,0.5103313031716531,0.10131616797664311,0.7756268303767879,valid,0.6428571428571428,0.21428571428571427,6,2,2.0,150.0,3,9,9,8,3,0,9,0.8888888888888888,0.0,1.0,stable,0.17100628488610015,0.16447581731397548,0.17100628488610015,0.16447581731397548,0.600370857386668,0.6016261555634662,0.3689441942068887,0.17742900090037142,0.3689441942068887,0.17742900090037142,0.2923197005331494,0.14188662496067425,0.2923197005331494,0.14188662496067425,777.0608254930843,327.9383062661904,777.0608254930843,327.9383062661904,True,False,True,False,True,False,False,True,True,True,True,"fail:target_a,candidate_range,edge_margin",False
1123.3822327869207,203.9215005879345,970.3330453304947,202.76956706334826,153.04918735120418,21.64442364622537,1.0522197483265035e-07,1.1824641493719294e-08,783.7014898223676,179.65923010053928,688.8109936633533,178.84904443086242,94.8904961577466,17.042836221882602,1.267734636537956e-09,1.2677346365379562e-09,1977.5365546848147,292.7534634485703,1940.8047495671406,292.56136946483355,36.731804964289005,10.603558741976544,1.5338510565366213e-07,2.4144532161356294e-08,1684.466191238267,245.19441112255024,1653.8563537616874,245.00327146946165,30.609837470240837,9.679680521352758,6.3386731826897805e-09,2.8347408247298585e-09,920.0531017754711,284.5583552554599,0.1809972822046727,0.29371064462427854,0.580804230921926,1.4334312839465757,0.41915109923127364,1.1739841173250911,0.24373676080186715,0.5680715383620145,0.13306323921028515,0.4652521338206624,0.12634088197332408,1.2209971692058594,0.4378738407819217,0.10281940454135213,0.5603603924094739,valid,0.6428571428571428,0.3214285714285714,6,3,2.0,150.0,3,9,9,8,1,0,9,0.8888888888888888,0.0,1.0,stable,0.1747016186462052,0.17196125807881343,0.1747016186462052,0.17196125807881343,0.6214497965987785,0.6146999281568297,0.5514265698649925,0.11982306363952203,0.5514265698649925,0.11982306363952203,0.4613395484461654,0.15304265593010125,0.4613395484461654,0.15304265593010125,1066.904171053122,215.6537808158365,1066.904171053122,215.6537808158365,True,False,True,False,True,False,False,True,True,True,True,"fail:target_a,candidate_range,edge_margin",False
1277.5003013655328,212.36591994962598,1115.2681626477506,211.19349899221572,162.23213859227644,22.28429804763697,1.2550572901725764e-07,1.2866101359535309e-08,951.2031673317961,189.30073123242616,853.2516874257577,188.50713237738722,97.95147990477068,17.315538916980298,1.267734636537956e-09,1.2677346365379562e-09,1823.4184861062026,286.6867363641321,1795.8696322498845,286.53962764968736,27.54885372321675,9.182951241072251,1.3310135146905482e-07,2.3606016511726837e-08,1516.9645137288387,237.82971084564153,1489.4156599992832,237.65236116526498,27.54885372321675,9.182951241072251,6.3386731826897805e-09,2.8347408247298585e-09,1143.3632254799102,340.91663441764445,0.1049996432425434,0.3055343068142948,0.3339643456498224,1.343036214806798,0.3482583154777766,1.2020178913902684,0.2668902867443362,0.7006072994760274,0.16030578821516914,0.6270437829779227,0.15886089584686652,1.117317990378185,0.38142887330027364,0.07356351649810466,0.3259533713092817,valid,0.6428571428571428,0.42857142857142855,6,4,2.0,150.0,3,9,9,9,3,0,9,1.0,0.0,1.0,stable,0.06556064933628186,0.14894835893338224,0.06556064933628186,0.14894835893338224,0.25007692112239527,0.49563864367990457,0.7647375047329068,0.209424357052548,0.7647375047329068,0.209424357052548,0.7243726415910333,0.25874586817761586,0.7243726415910333,0.25874586817761586,1290.721366900108,261.5261917824705,1290.721366900108,261.5261917824705,True,False,True,False,True,False,False,True,True,True,True,"fail:target_a,candidate_range,edge_margin",False
1591.4420282366746,251.42988694724778,1426.1489057338363,250.4217013146631,165.2931223393005,22.493544873484534,1.6353776811339635e-07,1.462022904930621e-08,1275.30686315899,251.44665949349297,1174.2943995021242,250.83106877129794,101.01246365179476,17.584012894814563,5.070938546151824e-09,2.5354692730759125e-09,1509.476759235061,253.12364708352035,1484.988889163799,252.97553980744107,24.48786997619267,8.657769458490149,9.506931237291614e-08,2.2561681725695433e-08,1192.8608179016449,170.79905045291122,1168.3729479229166,170.57947902259446,24.48786997619267,8.657769458490149,2.535469273075912e-09,1.7928475164821038e-09,1613.8061054078396,477.359021986743,-0.014052712429584613,0.340057564020415,-0.041451320061411376,1.2478894877853979,0.31528592646290904,1.265425719901148,0.279030223815973,1.0543004511332457,0.24290189580606023,1.0691162321874026,0.26051370232212234,0.986142029642704,0.3306978545276876,-0.014815781054156929,-0.04159558840871764,valid,0.6428571428571428,0.5357142857142857,6,5,2.0,150.0,3,9,9,9,2,0,9,1.0,0.0,1.0,stable,-0.17901924909739395,0.2984212390377553,-0.17901924909739395,0.2984212390377553,-0.3475338893881107,0.6987750093005424,0.9747595554733629,0.21835414976855264,0.9747595554733629,0.21835414976855264,1.1926897605318045,0.5127231751597768,1.1926897605318045,0.5127231751597768,1475.5860530956722,263.0057262285679,1475.5860530956722,263.0057262285679,True,True,True,False,True,False,False,True,True,True,True,"fail:target_a,candidate_range,edge_margin",False
1700.0625858053606,254.53345757386288,1531.70847953775,253.5191350609071,168.3541060863246,22.700863033704422,1.812860530249277e-07,1.537046560699023e-08,1606.0589607088625,283.8991305197094,1501.9855133049728,283.33751812787244,104.07344739881884,17.848448979800747,5.070938546151824e-09,2.5354692730759125e-09,1400.8562016663748,250.00257546405976,1379.4293153598853,249.87136768378662,21.426886229168588,8.098601761836372,7.732102746138475e-08,2.205741069958319e-08,862.108720351772,108.62330273107011,840.681834120068,108.32097925013827,21.426886229168588,8.098601761836372,2.535469273075912e-09,1.7928475164821038e-09,2609.7145316345227,733.3786099164823,-0.535069681213082,0.4887879992082978,-1.1717888210815162,1.058530618984877,0.24521122943353724,1.6249182598394016,0.3549795379275991,1.2135882211058264,0.28270494622547926,1.8629424836968722,0.40440045284295323,0.6514362261456135,0.20742655104613442,-0.6493542625910458,-1.316031455937747,valid,0.6428571428571428,0.6428571428571428,6,6,2.0,150.0,3,9,9,9,2,0,9,1.0,0.0,1.0,stable,-0.3914593310647099,0.2837012678571724,-0.3914593310647099,0.2837012678571724,-0.8220528428296686,0.5675017975218501,1.2252895705323716,0.1756331770961915,1.2252895705323716,0.1756331770961915,1.7299880981447215,0.49401120466160997,1.7299880981447215,0.49401120466160997,1659.738000941138,236.6227522729216,1659.738000941138,236.6227522729216,True,False,True,False,True,False,False,True,True,True,True,"fail:target_a,candidate_range,edge_margin",False
1860.8712340557447,259.896796901855,1686.3951602826764,258.8672953742321,174.47607358037277,23.109920499086517,1.9269566475376932e-07,1.5834000535359715e-08,1688.6916896207726,286.11684013177387,1578.4962747202994,285.5267760351162,110.195414892867,18.365902482144502,7.606407819227737e-09,3.1053029887706838e-09,1240.0475534159907,244.42222428274457,1224.742634614959,244.32637110190655,15.304918735120419,6.844567736367871,6.591141573254314e-08,2.1727057020958565e-08,779.4759914398616,102.6396219744678,764.1710727047412,102.41115120710208,15.304918735120419,6.844567736367871,0.0,0.0,2686.4945440076667,782.7669425297652,-0.44367567988704226,0.46647298752956906,-1.0010162987311781,1.1019603196327912,0.2419623132264041,1.590873313654412,0.3771082760372625,1.5006450590782225,0.3625145646909744,2.1664447759338836,0.4648824505570435,0.6926763496343189,0.22381398447487777,-0.6657997168556611,-1.1293950822582284,valid,0.6428571428571428,0.75,6,7,2.0,150.0,3,6,6,6,0,0,6,1.0,0.0,1.0,stable,-0.5748570885680485,0.13211613163953176,-0.5748570885680485,0.13211613163953176,-1.2021543530426568,0.17479923452590765,1.3146131118575284,0.14747264601106808,1.3146131118575284,0.14747264601106808,2.059931270867723,0.19701461108795762,2.059931270867723,0.19701461108795762,1715.7797910346387,237.26203998256702,1715.7797910346387,237.26203998256702,True,False,True,False,True,False,False,True,True,True,True,"fail:target_a,candidate_range,edge_margin",False
0.18972383719783414,0.13063399992639443,0.18972383719783414,0.13063399992639443,0.0,0.0,0.0,0.0,1.9976548929337952,1.144707574900979,1.9976548929337952,1.144707574900979,0.0,0.0,0.0,0.0,3376.912711838156,377.468360448961,3162.6438492865955,376.5985789073806,214.26886229168585,25.61002743005544,2.598748151228504e-07,2.691445208163143e-08,2189.986377964082,277.85358807926224,2088.9739143059483,277.2966261948301,101.01246365179476,17.584012894814563,6.3386731826897805e-09,2.8347408247298585e-09,3.0803416266384027,1.8403595678114786,-15.235923077111195,14.800971929515475,-1.5667388903737707,0.09497327985375992,0.08507703109639748,1.5419788660866005,0.2607345878007222,5.618262993080496e-05,3.919088401116031e-05,0.0009121768578263544,0.0005353596983069861,0.061591816815747484,0.0561482551652948,-0.0008559942278955494,-1.5946471090528682,valid,0.75,0.0,7,0,2.0,150.0,3,4,4,4,2,0,2,1.0,0.0,0.5,unstable:too_few_valid_neighbors,-6.880135388037229,6.938670085529586,-6.880135388037229,6.938670085529586,-0.8045993407829718,0.762722743693231,0.06606624495900446,0.0660613454840565,0.06606624495900446,0.0660613454840565,0.06785712273322059,0.0671059473835545,0.06785712273322059,0.0671059473835545,188.8161159989636,188.68382120145594,188.8161159989636,188.68382120145594,True,False,True,False,False,False,False,True,False,False,True,"fail:target_a,sideband_min,candidate_range,edge_margin,neighbor_count,local_stability",False
384.02560214741214,67.95952840621676,264.6472359665667,65.21565964331808,119.37836613393927,19.11583737329543,4.690618155190437e-08,7.917000267679857e-09,269.6676537182937,61.75715580112321,205.38699503078794,60.143031526135665,64.28065868750576,14.02718972176742,0.0,0.0,2993.0768335279417,371.3002594990654,2898.1863371572267,370.90891663262477,94.8904961577466,17.042836221882602,2.1296863357094605e-07,2.5723701864544917e-08,1922.316379138722,270.9058516741714,1885.5845741680942,270.6982545442686,36.731804964289005,10.603558741976544,6.3386731826897805e-09,2.8347408247298585e-09,419.87677775376943,124.34029140595972,-0.09335621220533996,0.3771889860596845,-0.25300686261436,1.4240699500006835,0.41215339102306836,1.5570157264481954,0.2923274178822559,0.12830462547623975,0.027728695562792654,0.14028265931912628,0.037721925870293764,0.9146150072929689,0.3155263612944248,-0.011978033842886537,-0.25584838041221264,valid,0.75,0.10714285714285714,7,1,2.0,150.0,3,6,6,5,2,0,4,0.8333333333333334,0.0,0.6666666666666666,stable,-4.4660692641253155,6.614826519059719,-4.4660692641253155,6.614826519059719,-0.09963075723489874,1.2109406707421666,0.18275164403403354,0.17401755109883874,0.18275164403403354,0.17401755109883874,0.13299685362771443,0.1086598433977853,0.13299685362771443,0.1086598433977853,443.446307507825,393.98780183245174,443.446307507825,393.98780183245174,True,True,True,False,True,False,False,True,True,True,True,"fail:target_a,candidate_range,edge_margin",False
1026.5767700225879,223.95497047434603,870.46659884576,222.88557177100623,156.11017109822828,21.859796350305405,7.859954746535328e-08,1.0299124874121565e-08,413.30663970511637,68.30252820654921,339.8430297752706,66.6360596330347,73.46360992857801,14.995696582323022,1.267734636537956e-09,1.2677346365379562e-09,2350.525665652767,303.852844984383,2292.366974278034,303.55976116180506,58.15869119345759,13.342518821098452,1.8127526765749715e-07,2.486595579666474e-08,1778.677393151899,269.3300789079191,1751.1285394236113,269.17348459878065,27.54885372321675,9.182951241072251,5.070938546151824e-09,2.5354692730759125e-09,546.1855354725432,141.32354833490714,0.46795451502324037,0.1800659265705625,1.8140481432325708,2.4838138839362074,0.6797801973902439,1.3215019624708484,0.2631058977859196,0.4367434846696286,0.11074981126528212,0.2323673991114925,0.052082927734082705,1.8795385511892488,0.6361126262724853,0.20437608555813608,1.6699403527225385,valid,0.75,0.21428571428571427,7,2,2.0,150.0,3,6,6,5,2,0,6,0.8333333333333334,0.0,1.0,stable,0.19786844900953615,0.18307992128623699,0.19786844900953615,0.18307992128623699,0.7152521878230682,0.6749589002072334,0.3782957144017253,0.18821154423078473,0.3782957144017253,0.18821154423078473,0.27802762743830745,0.12583103113484728,0.27802762743830745,0.12583103113484728,842.8460090423742,349.38355215893256,842.8460090423742,349.38355215893256,False,False,True,False,True,False,False,True,True,True,True,"fail:target_a,candidate_range,edge_margin,closure_compatible",False
1273.395424094771,234.8925156759055,1108.1023016502486,233.8130329121541,165.2931223393005,22.493544873484534,1.0522197483265035e-07,1.1824641493719294e-08,633.6882985145176,136.7001223181529,551.0417373435996,135.77166000793477,82.64656116965025,15.905338112964817,1.267734636537956e-09,1.2677346365379562e-09,2103.7070115805836,295.4790792674046,2054.7312714735453,295.2252908216375,48.97573995238534,12.243934988096335,1.5465284029020008e-07,2.4177791139792864e-08,1558.2957343424978,241.90287993770227,1539.9298318552824,241.78665305007456,18.365902482144502,7.497848291161511,5.070938546151824e-09,2.5354692730759125e-09,855.4823627904251,257.16003011907594,0.3281879716203874,0.23693911908106305,1.199900422402004,2.0094980877504685,0.570364055560209,1.3500049863565948,0.28261917862706754,0.6053102533218385,0.14034071624257458,0.40665470908312146,0.10807669799622456,1.4885116040746778,0.524978138694632,0.19865554423871706,1.1215051807062475,valid,0.75,0.3214285714285714,7,3,2.0,150.0,3,6,6,5,0,0,6,0.8333333333333334,0.0,1.0,stable,0.25974877490958387,0.11529743358320707,0.25974877490958387,0.11529743358320707,0.9185030727429075,0.47781166759440385,0.5734867560496281,0.12487632448892194,0.5734867560496281,0.12487632448892194,0.4330708698540442,0.14052779681286193,0.4330708698540442,0.14052779681286193,1168.3308893146293,181.4307653943602,1168.3308893146293,181.4307653943602,True,False,True,False,True,False,False,True,True,True,True,"fail:target_a,candidate_range,edge_margin",False
1430.2939965894554,242.26340206813626,1255.817922883577,241.15863566572386,174.47607358037277,23.109920499086517,1.2550572901725764e-07,1.2866101359535309e-08,798.4094721078735,149.13917935792307,712.7019271899314,148.2570248506541,85.70754491667435,16.197203523672744,1.267734636537956e-09,1.2677346365379562e-09,1946.8084390858987,289.4664474920042,1907.0156502402167,289.2559751226362,39.79278871131309,11.036533853257225,1.3436908610559277e-07,2.3640033135776227e-08,1393.5745607491422,234.4385462000599,1378.2696420089508,234.33860936025863,15.304918735120419,6.844567736367871,5.070938546151824e-09,2.5354692730759125e-09,1115.3693113557954,325.7589962879581,0.22018178499287544,0.2632864180726411,0.7757366177611981,1.7914291432607248,0.45171779038443155,1.3969890768093207,0.31365051665941335,0.7346865607697044,0.16558613016754362,0.5729219624091542,0.14402263665869147,1.2823501436047682,0.4329539494298062,0.16176459836055024,0.7371136347706158,valid,0.75,0.42857142857142855,7,4,2.0,150.0,3,6,6,6,2,0,6,1.0,0.0,1.0,stable,0.14569603819389795,0.11232906485091025,0.14569603819389795,0.11232906485091025,0.5026056886563873,0.40910870039603087,0.7911999094435179,0.20446134420932993,0.7911999094435179,0.20446134420932993,0.6944689090689732,0.2597609108267082,0.6944689090689732,0.2597609108267082,1408.7999107980622,212.89720122266235,1408.7999107980622,212.89720122266235,True,False,True,False,True,False,False,True,True,True,True,"fail:target_a,candidate_range,edge_margin",False
1756.7854817150196,277.2616357118708,1576.1874404757932,276.26293086324296,180.59804107442093,23.51186229274896,1.648055027499343e-07,1.4675089388581426e-08,1109.9634096806449,222.63961009470046,1024.2558647601672,222.04964891017724,85.70754491667435,16.197203523672744,3.8032039096138685e-09,2.195780800998604e-09,1620.3169539603352,256.1413000038193,1586.646132648001,255.94003151353942,33.67082121726492,10.152134578255039,9.506931237291614e-08,2.2561681725695433e-08,1082.020623176371,166.23937794888465,1066.715704438715,166.09841261533595,15.304918735120419,6.844567736367871,2.535469273075912e-09,1.7928475164821038e-09,1662.161046155969,495.39001986383704,0.05386225953249335,0.31908256892011144,0.16667983526478455,1.5827417970656135,0.40396104147672496,1.4974917476191405,0.33010847000007376,1.084223353598277,0.24219177193926683,1.0258246339355763,0.25918688983309673,1.056928560429139,0.356446493784429,0.058398719662700715,0.16462777920970564,valid,0.75,0.5357142857142857,7,5,2.0,150.0,3,6,6,6,2,0,6,1.0,0.0,1.0,stable,-0.11453498331836602,0.2993376650840555,-0.11453498331836602,0.2993376650840555,-0.1804609154519078,0.7341199899726384,1.0054153219856061,0.2143130367128972,1.0054153219856061,0.2143130367128972,1.1744679957657844,0.5290272654299399,1.1744679957657844,0.5290272654299399,1604.8278714271898,200.7481099743054,1604.8278714271898,200.7481099743054,True,True,True,False,True,False,False,True,True,True,True,"fail:target_a,candidate_range,edge_margin",False
1872.8828348510951,280.1756259615406,1689.2238098470964,279.1705645174082,183.65902482144503,23.71027815047171,1.825537876614657e-07,1.5422657490988622e-08,1433.2387116631276,258.6264022705558,1344.470182995626,258.10055584582636,88.76852866369843,16.4839019496848,3.8032039096138685e-09,2.195780800998604e-09,1504.2196008242588,252.95058573232754,1473.609763276697,252.7653113212573,30.609837470240837,9.679680521352758,7.732102746138475e-08,2.205741069958319e-08,758.745321193888,101.56924146876858,746.5013862032562,101.38457637403648,12.243934988096335,6.121967494048167,2.535469273075912e-09,1.7928475164821038e-09,2841.408971526125,797.4170119495739,-0.5171311940354417,0.4824823975579466,-1.1459061502443242,1.3067487080905074,0.3062946426685679,1.9825092278096224,0.42611397012882857,1.2450860458305568,0.28023275204563125,1.8889588793877796,0.4244133149716338,0.6591387771416681,0.20962119740799143,-0.6438728335572228,-1.266012330234459,valid,0.75,0.6428571428571428,7,6,2.0,150.0,3,6,6,6,2,0,6,1.0,0.0,1.0,stable,-0.32020561853511914,0.24319443495092155,-0.32020561853511914,0.24319443495092155,-0.7061123498794614,0.5499097249078141,1.2696105614624702,0.1827788446327129,1.2696105614624702,0.1827788446327129,1.7066795021195507,0.48469805212053246,1.7066795021195507,0.48469805212053246,1803.1551638477656,141.6711321293901,1803.1551638477656,141.6711321293901,True,False,True,False,True,False,False,True,True,True,True,"fail:target_a,candidate_range,edge_margin",False
2036.8868184226994,285.07336674876984,1844.0448421662188,284.0361566332837,192.84197606251726,24.295805285509118,1.939633993903073e-07,1.588466946657845e-08,1512.6761052538182,261.04092939107545,1420.8465928367568,260.50197345196847,91.82951241072251,16.765698464017778,6.3386731826897805e-09,2.8347408247298585e-09,1340.2156172526543,247.4177757878161,1318.7887309575744,247.28519653487797,21.426886229168588,8.098601761836372,6.591141573254314e-08,2.1727057020958565e-08,679.3079276031976,95.19222629288542,670.1249763621254,95.04446897162018,9.182951241072251,5.301779370988272,0.0,0.0,2984.378744495229,862.3656705671511,-0.46516670317805753,0.47041965620747594,-1.0431913444231224,1.3465452461027152,0.2991863694752511,1.9729132589124014,0.457263919213932,1.519820238028692,0.3520886928073739,2.226790007575789,0.4950129274604076,0.6825161927519403,0.2191348138433532,-0.7069697695470971,-1.1638182463887,valid,0.75,0.75,7,7,2.0,150.0,3,4,4,4,0,0,4,1.0,0.0,1.0,unstable:too_few_valid_neighbors,-0.49026081457840587,0.037181114233017766,-0.49026081457840587,0.037181114233017766,-1.0904756536200353,0.07057470019772291,1.3697848910108243,0.1410515779955181,1.3697848910108243,0.1410515779955181,2.0362840366485813,0.16200797738988404,2.0362840366485813,0.16200797738988404,1867.6758682837249,119.16372524589517,1867.6758682837249,119.16372524589517,True,False,True,False,True,False,False,True,False,False,True,"fail:target_a,candidate_range,edge_margin,neighbor_count,local_stability",False
