ACounts,A_Unc,QCD_ACounts,QCDA_Unc,TTJets_ACounts,TTJetsA_Unc,DY_ACounts,DYA_Unc,BCounts,B_Unc,QCD_BCounts,QCDB_Unc,TTJets_BCounts,TTJetsB_Unc,DY_BCounts,DYB_Unc,CCounts,C_Unc,QCD_CCounts,QCDC_Unc,TTJets_CCounts,TTJetsC_Unc,DY_CCounts,DYC_Unc,DCounts,D_Unc,QCD_DCounts,QCDD_Unc,TTJets_DCounts,TTJetsD_Unc,DY_DCounts,DYD_Unc,prediction,predictionUnc,closure,closureUnc,closureSig,transfer_A_over_C,transfer_A_over_C_Unc,transfer_B_over_D,transfer_B_over_D_Unc,transfer_difference,transfer_pull,status,scan_variable,scan_cut,mJIsoCut,egmIsoCut,mJJCut,dPhiCut,pixelCut,fixed_isolation_variable,fixed_isolation_value
0.0026012528776915727,0.0026012528776915727,0.0026012528776915727,0.0026012528776915727,0.0,0.0,0.0,0.0,3.1533214066482382,3.0623761595689625,0.09233765835641969,0.09233765835641969,3.0609837470240837,3.0609837470240837,1.267734636537956e-09,1.2677346365379562e-09,0.09233765835641969,0.09233765835641969,0.09233765835641969,0.09233765835641969,0.0,0.0,0.0,0.0,0.12149929507779898,0.09683307393146508,0.12149929507779898,0.09683307393146508,0.0,0.0,0.0,0.0,2.396477399713523,3.8480697797722576,-920.2781349578848,1742.7344290220178,-0.6220977624848347,0.028171094264171612,0.0398399435752824,25.953413183418792,32.60573230480824,-25.925242089154622,-0.7951124205426533,valid,isolation,0.0,0.0,0.1,100.0,2.0,3,egm_isolation,0.1
6.79326028414734,4.37904586784228,0.6712927837604995,0.6609082489841914,6.121967494048167,4.3288847292450745,6.3386731826897805e-09,3.3541105767022896e-09,10.033716857341696,5.344408588934848,0.8507655947179557,0.6736754907548413,9.182951241072251,5.301779370988272,2.1551488821145254e-08,5.227003811700007e-09,6.3091318691938385,4.330166095286298,0.1871643713424671,0.10533476954824196,6.121967494048167,4.3288847292450745,3.8032039096138685e-09,2.195780800998604e-09,8.211152183411413,7.383243381864107,8.21115217453727,7.383243381864107,0.0,0.0,8.874142455765693e-09,3.3541105767022896e-09,7.709520098654607,9.639290435467483,-0.134877772407078,1.5964327292883944,-0.08654289173856332,1.0767345531827286,1.0138376278192212,1.2219621111897454,1.2770656254133064,-0.1452275580070168,-0.0890654349735021,valid,isolation,0.007575757575757576,0.007575757575757576,0.1,100.0,2.0,3,egm_isolation,0.1
10.641679629125829,5.384405840904236,1.4587283715730266,0.939660449804533,9.182951241072251,5.301779370988272,1.6480550274993428e-08,4.909915134721817e-09,23.736072279431383,8.180718145113804,2.3091859957502052,1.1562001872405359,21.426886229168588,8.098601761836372,5.451258937113211e-08,8.504222474189575e-09,6.5408696298375295,4.332238117987618,0.41890212437975005,0.17042333130676887,6.121967494048167,4.3288847292450745,1.1409611728841605e-08,3.8032039096138685e-09,11.033557837359046,7.500913911576664,11.033557808201149,7.500913911576664,0.0,0.0,2.915789664037299e-08,6.079841733104123e-09,14.071123439302365,14.20860919078881,-0.32226527481529255,1.493425899696372,-0.2257012265706163,1.6269518017270375,1.356037598897877,2.1512618712218368,1.6396950402851609,-0.5243100694947993,-0.2464120560810637,valid,isolation,0.015151515151515152,0.015151515151515152,0.1,100.0,2.0,3,egm_isolation,0.1
10.749470829619886,5.385201233418842,1.5665195619252072,0.9442075120327175,9.182951241072251,5.301779370988272,2.662242736729708e-08,6.079841733104123e-09,53.39833604832029,13.675912554086356,10.544563484771922,7.47367936115662,42.853772458337176,11.453152447847641,1.052111894652198e-07,2.284483948643552e-08,6.680115739248004,4.3333253730333094,0.5581482337902249,0.19612697285960784,6.121967494048167,4.3288847292450745,1.1409611728841605e-08,3.8032039096138685e-09,29.814386406297125,10.261869294702302,14.509467624270526,7.645773598781614,15.304918735120419,6.844567736367871,4.690618155190437e-08,7.711328745494311e-09,11.96425981152166,9.304932779316106,-0.1130091891178917,1.029659522459146,-0.11299401200825329,1.609174339070655,1.3189080797294892,1.7910258262783492,0.7683918136793861,-0.18185148720769417,-0.11913628922597155,valid,isolation,0.022727272727272728,0.022727272727272728,0.1,100.0,2.0,3,egm_isolation,0.1
13.910442018504952,6.195043146682997,1.666506993644313,0.9487220831632256,12.243934988096335,6.121967494048167,3.676430445960073e-08,7.0584477308413024e-09,95.3447704185576,35.85393320042553,43.30804658477909,33.559215730530724,52.03672369940942,12.620759307279226,1.3436908610559277e-07,2.3640033135776227e-08,6.743487538246696,4.3335230870876975,0.6215200277179782,0.2004478666159563,6.121967494048167,4.3288847292450745,1.6480550274993428e-08,4.570882235719305e-09,36.217601359849795,11.138404523082208,14.790715081239554,7.647006265395564,21.426886229168588,8.098601761836372,4.944165082498029e-08,8.11746237784931e-09,17.752591199131857,14.301101976308209,-0.27620611735527345,1.1747300718152156,-0.24652467608556522,2.0627964298309744,1.6128156611562525,2.6325534226089076,1.2788669828090022,-0.5697569927779331,-0.2768070092788718,valid,isolation,0.030303030303030304,0.030303030303030304,0.1,100.0,2.0,3,egm_isolation,0.1
13.910442042581124,6.195043146682997,1.666506993644313,0.9487220831632256,12.243934988096335,6.121967494048167,6.084047718639131e-08,2.165296064224541e-08,104.22542202140122,36.13861430052226,46.06673066695212,33.58536340536672,58.15869119345759,13.342518821098452,1.6099151347288986e-07,2.4343404444383628e-08,7.5019154796791705,4.384602008166205,1.3799479640795143,0.6967723953515363,6.121967494048167,4.3288847292450745,2.1551488821145254e-08,5.227003811700007e-09,163.3008086977855,116.74257691982754,138.81293866708023,116.42109900651808,24.48786997619267,8.657769458490149,5.451258937113211e-08,8.504222474189575e-09,4.788036955073862,4.722702654256093,0.655795485117062,0.3725103893111723,1.171056079316348,1.8542520347318046,1.3625118583964357,0.6382419220855616,0.5071100171043549,1.2160101126462428,0.836422824659893,valid,isolation,0.03787878787878788,0.03787878787878788,0.1,100.0,2.0,3,egm_isolation,0.1
13.939603684373443,6.195111781906784,1.6956686303656923,0.9491701597384107,12.243934988096335,6.121967494048167,6.591141573254314e-08,2.1800901564140433e-08,122.21490215248426,37.27003683325022,54.87325952274484,34.393661807981786,67.34164243452985,14.357286407605137,1.9520956329198408e-07,3.195736639337658e-08,7.599455647594177,4.385575737140898,1.477488128191317,0.7028737775075493,6.121967494048167,4.3288847292450745,2.5354692730759122e-08,5.669481649459717e-09,164.6642901888514,116.74632196809591,140.17642015687838,116.4248543957945,24.48786997619267,8.657769458490149,5.5780324007670067e-08,8.598194636037794e-09,5.640365177645228,5.435587432517814,0.5953711952393466,0.42940637565270673,1.0069858219949541,1.8342897611076157,1.3360727373125554,0.7422064736216791,0.5728337962106803,1.0920832874859365,0.7512465464565985,valid,isolation,0.045454545454545456,0.045454545454545456,0.1,100.0,2.0,3,egm_isolation,0.1
13.949700729146636,6.195113840890318,1.7057656713356821,0.949183598366718,12.243934988096335,6.121967494048167,6.971461964215702e-08,2.1911201754704713e-08,125.37571936750854,37.39563894412393,54.97309296919356,34.39378603105116,70.40262618155393,14.679962346325988,2.1676105211312934e-07,3.238201407645981e-08,7.633665807336021,4.385674144631642,1.511698285397691,0.7034875292421872,6.121967494048167,4.3288847292450745,2.7890162003835033e-08,5.946202518491657e-09,172.13883426472978,116.97765383150818,147.65096422895357,116.65682373495258,24.48786997619267,8.657769458490149,5.958352791728394e-08,8.874142455765693e-09,5.559909511958428,5.218111308318436,0.6014316278239933,0.4138315171807166,1.0357915245579816,1.8273921181800818,1.3269665397868826,0.7283407018703,0.5405239830672476,1.099051416309782,0.767048564294729,valid,isolation,0.05303030303030303,0.05303030303030303,0.1,100.0,2.0,3,egm_isolation,0.1
17.071455018488518,6.910192746397721,1.7665362123857438,0.9500822567755236,15.304918735120419,6.844567736367871,7.098235427869497e-08,2.1947845302991655e-08,131.53449830585882,37.64537056480621,55.00990437927763,34.393798677565954,76.52459367560209,15.304918735120419,2.509791019322236e-07,3.843522814431728e-08,8.299602100070748,4.43519143961509,2.177634578132419,0.9652357779028747,6.121967494048167,4.3288847292450745,2.7890162003835033e-08,5.946202518491657e-09,182.56812055732846,117.24847779707588,155.01926676565404,116.8883182881655,27.54885372321675,9.182951241072251,6.845767037304963e-08,9.486857334542842e-09,5.979598163351071,5.280778445880544,0.6497311941556757,0.34027863344189896,1.2753694330801635,2.0569004167492553,1.3789146760803985,0.7204680527154548,0.5065637814636572,1.3364323640338005,0.9097456788363303,valid,isolation,0.06060606060606061,0.06060606060606061,0.1,100.0,2.0,3,egm_isolation,0.1
24.42430402319321,10.090349462647687,9.119385217090436,7.4139763137351915,15.304918735120419,6.844567736367871,7.098235427869497e-08,2.1947845302991655e-08,139.0772669289282,38.35686922058622,62.55267299347286,35.171137014838095,76.52459367560209,15.304918735120419,2.5985324438798927e-07,3.858130143303185e-08,9.055274798284206,4.485111814193005,2.933307276345875,1.1734500358866888,6.121967494048167,4.3288847292450745,2.7890162003835033e-08,5.946202518491657e-09,188.69513657946803,117.32836315864174,155.02431528613903,116.88831834272884,33.67082121726492,10.152134578255039,7.606407819227737e-08,9.982152510257367e-09,6.674167088060513,5.615863236509232,0.7267407463597426,0.2561480774666844,1.5370931782440902,2.697246032535769,1.739671603977986,0.7370474377348697,0.501345799682723,1.9601985948008993,1.0827009639212992,valid,isolation,0.06818181818181818,0.06818181818181818,0.1,100.0,2.0,3,egm_isolation,0.1
25.775241206949524,10.133585149118211,10.47032239831128,7.472713059973677,15.304918735120419,6.844567736367871,7.351782355177088e-08,2.20209494722959e-08,146.52605851076925,38.61168498595858,63.879497058457325,35.183553501134135,82.64656116965025,15.905338112964817,2.8266168247824193e-07,4.362022910469455e-08,9.05787605242963,4.485112568523805,2.9359085292235667,1.17345291905513,6.121967494048167,4.3288847292450745,2.915789664037299e-08,6.079841733104123e-09,188.7076808905808,117.32836329288205,155.03685959471633,116.88831847747451,33.67082121726492,10.152134578255039,7.859954746535328e-08,1.014187709230365e-08,7.033178883752827,5.889394271950753,0.7271343136119114,0.2524209660765743,1.599058289122057,2.8456164621545827,1.7991711306819254,0.7764710891430545,0.5243385445848712,2.069145373011528,1.1041218040665444,valid,isolation,0.07575757575757576,0.07575757575757576,0.1,100.0,2.0,3,egm_isolation,0.1
28.841273478261805,10.585800972510773,10.475370918796274,7.472713913454498,18.365902482144502,7.497848291161511,7.732102746138475e-08,2.213015293637717e-08,146.55522015129384,38.61169599818111,63.90865869517871,35.18356558633909,82.64656116965025,15.905338112964817,2.864648863878558e-07,4.3675460392216535e-08,19.4743100570361,9.140582667662885,10.29135878680595,7.44589732710184,9.182951241072251,5.301779370988272,2.915789664037299e-08,6.079841733104123e-09,188.72282645710672,117.32836345595815,155.0520051561713,116.88831864116455,33.67082121726492,10.152134578255039,8.36704860115051e-08,1.0454007623400014e-08,15.123034405973979,12.436096444321436,0.4756460938740279,0.47219207653302586,0.8399899606060621,1.4809907716264077,0.8824274861589507,0.7765632960388243,0.524349268668238,0.7044274755875833,0.6862687078707468,valid,isolation,0.08333333333333334,0.08333333333333334,0.1,100.0,2.0,3,egm_isolation,0.1
29.50736375626692,10.606411665127482,11.14146119680139,7.501882391298782,18.365902482144502,7.497848291161511,7.732102746138475e-08,2.213015293637717e-08,164.44195758209486,39.67254361062137,72.61244488110424,35.955835013948516,91.82951241072251,16.765698464017778,2.902680902974697e-07,4.373062192329431e-08,19.503471693757476,9.140629185424569,10.320520423527329,7.445954432226846,9.182951241072251,5.301779370988272,2.915789664037299e-08,6.079841733104123e-09,188.75703661558083,117.32836713433844,155.0862153133777,116.88832233339268,33.67082121726492,10.152134578255039,8.493822064804306e-08,1.0530594783713959e-08,16.99109671604009,13.84768720786457,0.42417435673386994,0.5129128321931037,0.7175569578288346,1.5129287861971474,0.893592402868301,0.8711831915278178,0.5808714929506987,0.6417455946693297,0.6021285226038875,valid,isolation,0.09090909090909091,0.09090909090909091,0.1,100.0,2.0,3,egm_isolation,0.1
29.59970141462334,10.606813595670618,11.233798855157811,7.50245064335844,18.365902482144502,7.497848291161511,7.732102746138475e-08,2.213015293637717e-08,164.44455883877575,39.672543695900956,72.61504613398193,35.955835108043345,91.82951241072251,16.765698464017778,2.9407129420708354e-07,4.3785713961566774e-08,20.201324861361666,9.164537372587363,11.018373591131517,7.475284660460342,9.182951241072251,5.301779370988272,2.915789664037299e-08,6.079841733104123e-09,188.80165178936892,117.32837092806183,155.13083048209484,116.88832614139815,33.67082121726492,10.152134578255039,9.000915919419488e-08,1.0831529482649056e-08,17.595174212201822,14.187802099428094,0.4055624424809515,0.5245227348038822,0.6776724341130024,1.4652356525010697,0.847074155358252,0.8709911024625651,0.5806229638775772,0.5942445500385046,0.5786413344281468,valid,isolation,0.09848484848484848,0.09848484848484848,0.1,100.0,2.0,3,egm_isolation,0.1
29.69464032585745,10.607215829941916,11.32873776639192,7.503019303300289,18.365902482144502,7.497848291161511,7.732102746138475e-08,2.213015293637717e-08,167.53730548046985,39.790466219564316,72.64680902358101,35.9558470277697,94.8904961577466,17.042836221882602,2.9914223275323534e-07,4.3859062365249616e-08,27.556775118944046,11.749601716911677,18.3738238487139,10.485431608065403,9.182951241072251,5.301779370988272,2.915789664037299e-08,6.079841733104123e-09,203.5123983230665,117.78826518104626,169.84157701198922,117.34994494189365,33.67082121726492,10.152134578255039,9.381236310380874e-08,1.1051854335790434e-08,22.68553606169096,17.17503452767192,0.23603937233289585,0.639534479303149,0.34721738680661546,1.0775803844131135,0.5993875558323541,0.8232289868380016,0.5150216232315177,0.25435139757511194,0.32185739057505985,valid,isolation,0.10606060606060606,0.10606060606060606,0.1,100.0,2.0,3,egm_isolation,0.1
32.75822532702696,11.040047822769269,11.331339019269613,7.503019754219849,21.426886229168588,8.098601761836372,7.85887620979227e-08,2.2166434537293566e-08,283.5063796340007,122.5731404232165,188.6158831695055,121.3825213394566,94.8904961577466,17.042836221882602,3.067486405724631e-07,4.396885554811409e-08,60.27579703550447,34.76229751204049,51.09284576527432,34.35561764569194,9.182951241072251,5.301779370988272,2.915789664037299e-08,6.079841733104123e-09,203.51484559447698,117.7882652064695,169.8440242795965,117.34994496741186,33.67082121726492,10.152134578255039,9.761556701342262e-08,1.1267871919114269e-08,83.96720616215065,77.61882669364245,-1.5632403869227325,2.5220059159368717,-0.65317551490172,0.5434722880185436,0.36302425021857593,1.3930501178224346,1.006374866920518,-0.849577829803891,-0.7941100043982148,valid,isolation,0.11363636363636365,0.11363636363636365,0.1,100.0,2.0,3,egm_isolation,0.1
50.5566699730595,15.471971806079678,26.06879991827807,12.822828844360345,24.48786997619267,8.657769458490149,7.85887620979227e-08,2.2166434537293566e-08,316.9784730009679,126.866008998204,222.0879765314017,125.71605296320142,94.8904961577466,17.042836221882602,3.118195791186149e-07,4.40418989445918e-08,68.28953381119115,35.53756448392479,59.106582542228736,35.13985806673777,9.182951241072251,5.301779370988272,2.7890162003835033e-08,6.2106059775413676e-09,203.51744684735468,117.78826523519271,169.8466255324742,117.34994499624236,33.67082121726492,10.152134578255039,9.761556701342262e-08,1.1267871919114269e-08,106.36096553262503,93.0865592348916,-1.1037968993864187,1.950551723385184,-0.5913752151627193,0.7403282340869396,0.4469444349917255,1.5575002434003262,1.095969449327216,-0.8171720093133866,-0.6904124567208234,valid,isolation,0.12121212121212122,0.12121212121212122,0.1,100.0,2.0,3,egm_isolation,0.1
60.973103980201444,17.40160706142319,33.42425017586046,14.781384739741503,27.54885372321675,9.182951241072251,8.112423137099863e-08,2.2238820164601296e-08,331.1141772770414,127.15433395391982,230.10171330835612,125.9326293451382,101.01246365179476,17.584012894814563,3.168905176647667e-07,4.411482139916638e-08,68.28953381119115,35.53756448392479,59.106582542228736,35.13985806673777,9.182951241072251,5.301779370988272,2.7890162003835033e-08,6.2106059775413676e-09,217.74809002959137,118.09879069769666,177.95530122066273,117.58196836575016,39.79278871131309,11.036533853257225,9.761556701342262e-08,1.1267871919114269e-08,103.84308216642636,87.65005378951639,-0.7030965358126626,1.5174710620539535,-0.47974045502532264,0.8928616228188293,0.5299293709576077,1.5206295367828204,1.010538232660204,-0.6277679139639911,-0.5501631670580645,valid,isolation,0.12878787878787878,0.12878787878787878,0.1,100.0,2.0,3,egm_isolation,0.1
60.97310398273691,17.40160706142319,33.42425017586046,14.781384739741503,27.54885372321675,9.182951241072251,8.365970064407453e-08,2.231097094549749e-08,915.6439919688016,595.2172675796653,811.5705442530923,594.9496016420368,104.07344739881884,17.848448979800747,3.168905176647667e-07,4.411482139916638e-08,68.28953381119115,35.53756448392479,59.106582542228736,35.13985806673777,9.182951241072251,5.301779370988272,2.7890162003835033e-08,6.2106059775413676e-09,218.50131546019753,118.10067596398008,178.7085266512689,117.5838619184407,39.79278871131309,11.036533853257225,9.761556701342262e-08,1.1267871919114269e-08,286.1717386775086,284.0929266548598,-3.6934093884826877,4.848036121853278,-0.7912106599401099,0.8928616228559575,0.5299293709745486,4.19056512332804,3.5427328371631304,-3.2977035004720823,-0.9205939876536957,valid,isolation,0.13636363636363635,0.13636363636363635,0.1,100.0,2.0,3,egm_isolation,0.1
64.69497550201072,17.68112899300348,34.08513794811019,14.796151779154343,30.609837470240837,9.679680521352758,8.365970064407453e-08,2.231097094549749e-08,961.869593278785,596.1767894689167,851.6741780639566,595.8938310869491,110.195414892867,18.365902482144502,3.219614562109186e-07,4.4187623510606e-08,68.29458233167614,35.53756466339172,59.111631062713734,35.139858248235875,9.182951241072251,5.301779370988272,2.7890162003835033e-08,6.2106059775413676e-09,218.5065179659529,118.10067602127457,178.71372915702426,117.583861975987,39.79278871131309,11.036533853257225,9.761556701342262e-08,1.1267871919114269e-08,300.6339707484129,292.56894872231237,-3.646944657071076,4.697229179633737,-0.8049703011961424,0.9472929373492066,0.5567828504655719,4.402017853896061,3.6200938639177593,-3.4547249165468545,-0.9432280988220495,valid,isolation,0.14393939393939395,0.14393939393939395,0.1,100.0,2.0,3,egm_isolation,0.1
65.39252069907413,17.69350062199529,34.78268314517359,14.81093343665725,30.609837470240837,9.679680521352758,8.365970064407453e-08,2.231097094549749e-08,964.9331782837578,596.1846475126067,851.6767793168343,595.8938310926268,113.2563986398911,18.61923724224994,3.270323947570704e-07,4.426030587275434e-08,68.48170491599629,35.53780466883355,59.29875364703388,35.14010096999625,9.182951241072251,5.301779370988272,2.7890162003835033e-08,6.2106059775413676e-09,218.60145687718702,118.10071214726744,178.80866806825838,117.58389826076372,39.79278871131309,11.036533853257225,9.761556701342262e-08,1.1267871919114269e-08,302.2864994719932,293.53142964658065,-3.6226463858621853,4.659763679415743,-0.8055858889363928,0.954890372243046,0.5588413840112939,4.414120528143914,3.622849893766245,-3.459230155900868,-0.9436755951210609,valid,isolation,0.15151515151515152,0.15151515151515152,0.1,100.0,2.0,3,egm_isolation,0.1
65.39772320482952,17.693501004424782,34.78788565092898,14.810933893516802,30.609837470240837,9.679680521352758,8.365970064407453e-08,2.231097094549749e-08,967.9941620320495,596.1925054470499,851.6767793168343,595.8938310926268,116.31738238691518,18.869171073015707,3.283001293936083e-07,4.427845782159142e-08,68.51606905847305,35.53781682397298,59.333117789510645,35.14011326270336,9.182951241072251,5.301779370988272,2.7890162003835033e-08,6.2106059775413676e-09,221.78393992055666,118.14041310167946,178.93016736333618,117.58393813290078,42.853772458337176,11.453152447847641,9.888330164996057e-08,1.1338963298919434e-08,299.0439924448259,288.7156465501404,-3.572697301834232,4.584834557952668,-0.8077454595741733,0.9544873794352932,0.558375915835886,4.364581864578591,3.5540928200953057,-3.410094485143298,-0.947857185043651,valid,isolation,0.1590909090909091,0.1590909090909091,0.1,100.0,2.0,3,egm_isolation,0.1
65.4029257105849,17.693501386854265,34.79308815668436,14.81093435037634,30.609837470240837,9.679680521352758,8.365970064407453e-08,2.231097094549749e-08,978.5053809626197,596.2457095025632,859.1270145003804,595.9392006419217,119.37836613393927,19.11583737329543,3.283001293936083e-07,4.427845782159142e-08,68.70334562806359,35.5380568386494,59.520394359101175,35.14035599376361,9.182951241072251,5.301779370988272,2.7890162003835033e-08,6.2106059775413676e-09,222.539766606576,118.1422977324068,179.68599404682004,117.5858316826437,42.853772458337176,11.453152447847641,1.0141877092303649e-07,1.1479825386807847e-08,302.0880016740719,289.86301552513333,-3.618875966051494,4.604738980542536,-0.8150241607970555,0.9519612926079898,0.5556986138930533,4.396991135038357,3.5535052835476284,-3.4450298424303676,-0.9578326017846305,valid,isolation,0.16666666666666669,0.16666666666666669,0.1,100.0,2.0,3,egm_isolation,0.1
65.4053729781922,17.69350155610055,34.795535424291664,14.810934552562056,30.609837470240837,9.679680521352758,8.365970064407453e-08,2.231097094549749e-08,978.5345425993411,596.2457102156928,859.1561761371017,595.9392013554183,119.37836613393927,19.11583737329543,3.283001293936083e-07,4.427845782159142e-08,70.02772242544074,35.550345088741544,60.84477115647834,35.15278326718915,9.182951241072251,5.301779370988272,2.7890162003835033e-08,6.2106059775413676e-09,223.2032556342389,118.14414624900668,180.34948307194747,117.58768894707065,42.853772458337176,11.453152447847641,1.039542401961124e-07,1.1618979866105027e-08,307.0051336757507,292.730316681608,-3.693882470146817,4.652273070197073,-0.8238287166558137,0.9339925776942124,0.5372699364677035,4.384051387686103,3.5384706790158784,-3.4500588099918907,-0.9639655923671451,valid,isolation,0.17424242424242425,0.17424242424242425,0.1,100.0,2.0,3,egm_isolation,0.1
65.53207477902538,17.69376691077885,34.922237225124846,14.811251550679863,30.609837470240837,9.679680521352758,8.365970064407453e-08,2.231097094549749e-08,1027.3674307021931,597.1822219715265,892.6841455048333,596.8369483308397,134.6832848690597,20.304269156510077,3.283001293936083e-07,4.427845782159142e-08,78.04666170815057,36.30878971537249,68.86371043918815,35.91962341250952,9.182951241072251,5.301779370988272,2.7890162003835033e-08,6.2106059775413676e-09,226.95428879150182,118.18564437974179,181.03953248091858,117.58954976936346,45.91475620536126,11.855139075235854,1.0522197483265035e-07,1.1687935841611726e-08,353.29844939677685,320.99363009122266,-4.391229418389418,5.109981811630749,-0.8951273916059869,0.8396525020388121,0.4516437617730149,4.526759270215925,3.532777093399565,-3.687106768177113,-1.0352592138988375,valid,isolation,0.18181818181818182,0.18181818181818182,0.1,100.0,2.0,3,egm_isolation,0.1
73.63814921433624,19.17235183459816,43.0283116604357,16.549406632086946,30.609837470240837,9.679680521352758,8.365970064407453e-08,2.231097094549749e-08,1095.8612557778504,598.979719374901,958.1169868321988,598.6276566071398,137.74426861608376,20.533703209103614,3.295678640301463e-07,4.429660233208782e-08,78.71015073327798,36.31480400620613,69.52719946431557,35.92570285339632,9.182951241072251,5.301779370988272,2.7890162003835033e-08,6.2106059775413676e-09,226.95689004691496,118.18564440836842,181.04213373379628,117.58954979813521,45.91475620536126,11.855139075235854,1.0775744410572627e-07,1.1824641493719294e-08,380.05193236126814,336.2525540200661,-4.16107393268485,4.759889325351808,-0.9097831735058229,0.9355610239379538,0.49562893978293315,4.828499613082121,3.6451949613992323,-3.8929385891441672,-1.058227389508265,valid,isolation,0.1893939393939394,0.1893939393939394,0.1,100.0,2.0,3,egm_isolation,0.1
112.48173987782252,38.16651035194061,75.74993482987382,36.66397488612279,36.731804964289005,10.603558741976544,8.365970064407453e-08,2.231097094549749e-08,1095.8637030454577,598.9797193799004,958.1194340998061,598.6276566121421,137.74426861608376,20.533703209103614,3.295678640301463e-07,4.429660233208782e-08,79.37103850552771,36.32081720799622,70.1880872365653,35.931781171520534,9.182951241072251,5.301779370988272,2.7890162003835033e-08,6.2106059775413676e-09,230.02307629969442,118.22527724329466,181.04733623955164,117.58954985567874,48.97573995238534,12.243934988096335,1.0775744410572627e-07,1.1824641493719294e-08,378.1352791661049,332.3126814170868,-2.361748134202359,3.1669328652919124,-0.7941875473813119,1.417163514497657,0.8073334375387491,4.764146800722156,3.574440012307485,-3.346983286224499,-0.9133584868863935,valid,isolation,0.19696969696969696,0.19696969696969696,0.1,100.0,2.0,3,egm_isolation,0.1
113.17178928679363,38.17224299793445,76.43998423884493,36.66994242562712,36.731804964289005,10.603558741976544,8.365970064407453e-08,2.231097094549749e-08,1102.6569633232664,598.9957264214303,958.7907268835665,598.6280214462554,143.86623611013192,20.985047307038485,3.295678640301463e-07,4.429660233208782e-08,79.37593304074231,36.320817372891156,70.1929817717799,35.9317813382008,9.182951241072251,5.301779370988272,2.7890162003835033e-08,6.2106059775413676e-09,230.02307630096215,118.22527724329466,181.04733623955164,117.58954985567874,48.97573995238534,12.243934988096335,1.0902517874226422e-07,1.1892405036983315e-08,380.50280300198625,333.59572945223766,-2.362170072594128,3.1583140271911647,-0.7961668798425633,1.425769562024606,0.8104931342474513,4.793679751854767,3.584905904216596,-3.3679101898301607,-0.9163423335006243,valid,isolation,0.20454545454545456,0.20454545454545456,0.1,100.0,2.0,3,egm_isolation,0.1
119.32291841756319,38.41692633323888,76.46914587556631,36.66995402096742,42.853772458337176,11.453152447847641,8.365970064407453e-08,2.231097094549749e-08,1110.0124135821166,599.0408539209905,966.1461771411489,598.6731766631196,143.86623611013192,20.985047307038485,3.308355986666842e-07,4.431473941338035e-08,79.37593304074231,36.320817372891156,70.1929817717799,35.9317813382008,9.182951241072251,5.301779370988272,2.7890162003835033e-08,6.2106059775413676e-09,230.02567755383984,118.22527727191171,181.04993749242934,117.58954988445049,48.97573995238534,12.243934988096335,1.0902517874226422e-07,1.1892405036983315e-08,383.0366763913312,334.9729548707695,-2.210084713574621,2.9914832368732616,-0.782141842218998,1.5032631913292505,0.8410699520148082,4.825602190965427,3.5963033117713525,-3.3223389996361767,-0.8995474658797965,valid,isolation,0.21212121212121213,0.21212121212121213,0.1,100.0,2.0,3,egm_isolation,0.1
130.40513472963397,39.23940659937785,84.490378440613,37.4057042144392,45.91475620536126,11.855139075235854,8.365970064407453e-08,2.231097094549749e-08,1113.9481220750977,599.0490538874291,967.020901866833,598.673556399016,146.92721985715602,21.207117483953088,3.5110856748386097e-07,4.8731810903536366e-08,79.407541945071,36.32082916213625,70.22459067610859,35.93179325508887,9.182951241072251,5.301779370988272,2.7890162003835033e-08,6.2106059775413676e-09,262.7446994704003,122.66857940740148,213.76895940898976,122.0559971072181,48.97573995238534,12.243934988096335,1.0902517874226422e-07,1.1892405036983315e-08,336.66095798167174,284.94753563481703,-1.5816541555642218,2.319073536221201,-0.7170707900608712,1.642226059834969,0.899118100298412,4.239659731748805,3.019306707953012,-2.5974336719138362,-0.824493779819672,valid,isolation,0.2196969696969697,0.2196969696969697,0.1,100.0,2.0,3,egm_isolation,0.1
131.0686237547614,39.2449717758253,85.15386746574043,37.411542165381796,45.91475620536126,11.855139075235854,8.365970064407453e-08,2.231097094549749e-08,1123.1626822204985,599.0725153804943,967.0525107711617,598.6735571142556,156.11017109822828,21.859796350305405,3.5110856748386097e-07,4.8731810903536366e-08,86.7603909497757,37.05761756388386,77.57743968081328,36.67639779221014,9.182951241072251,5.301779370988272,2.7890162003835033e-08,6.2106059775413676e-09,265.80568321742436,122.70676426069392,213.76895940898976,122.0559971072181,52.03672369940942,12.620759307279226,1.0902517874226422e-07,1.1892405036983315e-08,366.6062825674799,302.32087015643424,-1.797056015888486,2.453924218375429,-0.7726156740246253,1.5106965554204923,0.7880144145887502,4.225502888520902,2.9807217082652424,-2.7148063331004098,-0.8805368153223615,valid,isolation,0.2272727272727273,0.2272727272727273,0.1,100.0,2.0,3,egm_isolation,0.1
131.0686237547614,39.2449717758253,85.15386746574043,37.411542165381796,45.91475620536126,11.855139075235854,8.365970064407453e-08,2.231097094549749e-08,1132.3824448716548,599.0959759660672,967.0893221812457,598.6735578407978,165.2931223393005,22.493544873484534,3.5110856748386097e-07,4.8731810903536366e-08,122.5377953604825,49.52777828707508,110.29386034449601,49.14796370202415,12.243934988096335,6.121967494048167,2.7890162003835033e-08,6.2106059775413676e-09,266.0247226766139,122.70683726569558,213.98799886817935,122.05607050146104,52.03672369940942,12.620759307279226,1.0902517874226422e-07,1.1892405036983315e-08,521.6043340008113,422.47650289166205,-2.979627763367452,3.4365248935273245,-0.9204335832119921,1.06961793599422,0.538028070826323,4.256681234278388,2.987766012344851,-3.1870632982841682,-1.0498186256570836,valid,isolation,0.23484848484848486,0.23484848484848486,0.1,100.0,2.0,3,egm_isolation,0.1
139.17729944421768,39.93341337562427,93.26254315392897,38.133098239394386,45.91475620536126,11.855139075235854,8.492743528061248e-08,2.2346958979680237e-08,1138.5703854125086,599.1116167977866,967.1552952280512,598.6735592775777,171.4150898333487,22.906304895695282,3.5110856748386097e-07,4.8731810903536366e-08,123.19868313273224,49.53218746129808,110.95474811674575,49.15240694719835,12.243934988096335,6.121967494048167,2.7890162003835033e-08,6.2106059775413676e-09,269.08570642363804,122.74501021731778,213.98799886817935,122.05607050146104,55.0977074464335,12.986654187735223,1.0902517874226422e-07,1.1892405036983315e-08,521.285110238863,419.17481474907856,-2.7454751049239485,3.197793129488109,-0.9074628392826601,1.129697947292751,0.5579965103252754,4.231255537668686,2.946609296472392,-3.1015575903759345,-1.034204998322249,valid,isolation,0.24242424242424243,0.24242424242424243,0.1,100.0,2.0,3,egm_isolation,0.1
142.24073045884904,40.050557191094754,93.26499042153628,38.133098317923526,48.97573995238534,12.243934988096335,8.492743528061248e-08,2.2346958979680237e-08,1142.3290683418663,599.1198015807257,967.852994410385,598.6739247876544,174.47607358037277,23.109920499086517,3.5110856748386097e-07,4.8731810903536366e-08,123.98627270581517,49.536691023179216,111.74233768982866,49.15694530305704,12.243934988096335,6.121967494048167,2.7890162003835033e-08,6.2106059775413676e-09,276.62843325081093,122.96511288879772,221.53072569535226,122.2774132894663,55.0977074464335,12.986654187735223,1.0902517874226422e-07,1.1892405036983315e-08,511.99770653655037,407.123690574258,-2.5995154474032587,3.0363605831655067,-0.9038547750629534,1.1472296678870781,0.5607455910948949,4.129470911278848,2.839032824786501,-2.98224124339177,-1.0305337362023903,valid,isolation,0.25,0.25,0.1,100.0,2.0,3,egm_isolation,0.1
142.24838023221173,40.05055743481361,93.27264019489897,38.13309857389738,48.97573995238534,12.243934988096335,8.492743528061248e-08,2.2346958979680237e-08,1149.1459797801,599.1358055767942,968.5479383545706,598.6742902912074,180.59804107442093,23.51186229274896,3.5110856748386097e-07,4.8731810903536366e-08,123.98627270581517,49.536691023179216,111.74233768982866,49.15694530305704,12.243934988096335,6.121967494048167,2.7890162003835033e-08,6.2106059775413676e-09,287.1448546884043,123.2228126211706,228.98616338465376,122.49832138352245,58.15869119345759,13.342518821098452,1.1029291337880218e-07,1.1959784641553714e-08,496.1897262007959,389.31529727079,-2.4881924517579512,2.907748827844221,-0.9043651264638954,1.1472913664380204,0.560765741998396,4.001973084376169,2.7023997153051096,-2.8546817179381483,-1.0343170249675033,valid,isolation,0.25757575757575757,0.25757575757575757,0.1,100.0,2.0,3,egm_isolation,0.1
145.31716773786889,40.16735979173138,93.28044395353204,38.133098840064434,52.03672369940942,12.620759307279226,8.492743528061248e-08,2.2346958979680237e-08,1153.531340323234,599.1443538060884,969.872315151948,598.6750198628154,183.65902482144503,23.71027815047171,3.49840832847323e-07,4.87482978681995e-08,123.99376849390742,49.536691212379914,111.74983347792093,49.15694549371935,12.243934988096335,6.121967494048167,2.7890162003835033e-08,6.2106059775413676e-09,333.33869310371756,127.7772646818156,269.0580343059189,127.00498934323919,64.28065868750576,14.02718972176742,1.1029291337880218e-07,1.1959784641553714e-08,429.0851944931641,325.7440364394449,-1.9527495007828093,2.3855700188798954,-0.8645897025286264,1.1719715394004595,0.5693553837030383,3.460538377896368,2.2338976256349694,-2.2885668384959086,-0.9927362021788193,valid,isolation,0.26515151515151514,0.26515151515151514,0.1,100.0,2.0,3,egm_isolation,0.1
145.97805551011862,40.17279633391118,93.94133172578178,38.13882535938453,52.03672369940942,12.620759307279226,8.492743528061248e-08,2.2346958979680237e-08,1156.8379239145588,599.1521885792204,970.1179149949812,598.6750355307939,186.7200085684691,23.907047318150386,3.5110856748386097e-07,4.876477925875788e-08,123.99636974678512,49.53669128067795,111.75243473079863,49.156945562545,12.243934988096335,6.121967494048167,2.7890162003835033e-08,6.2106059775413676e-09,340.15331126088233,127.85228289858938,269.7506849677677,127.00671221589583,70.40262618155393,14.679962346325988,1.1156064801534013e-07,1.2026786760436976e-08,421.7030915239217,318.13311153550393,-1.8888115412298454,2.319796783776344,-0.8598685382041281,1.1772768493805315,0.5711125529526214,3.4009309497131897,2.1763812957503808,-2.2236541003326584,-0.988260932830639,valid,isolation,0.2727272727272727,0.2727272727272727,0.1,100.0,2.0,3,egm_isolation,0.1
146.85278023580258,40.178454933219804,94.81605645146573,38.144785689901305,52.03672369940942,12.620759307279226,8.492743528061248e-08,2.2346958979680237e-08,1159.9912453199395,599.1600147097705,970.2102526533376,598.6750426517215,189.7809923154932,24.102210126289812,3.5110856748386097e-07,4.876477925875788e-08,124.66246002479025,49.54109979822548,112.41852500880375,49.16138813357038,12.243934988096335,6.121967494048167,2.7890162003835033e-08,6.2106059775413676e-09,343.8751827801561,127.89062763364636,270.4115727400174,127.00843169073026,73.46360992857801,14.995696582323022,1.1156064801534013e-07,1.2026786760436976e-08,420.5228219137087,315.5433129983183,-1.8635673171353795,2.287082778891634,-0.8603513872033772,1.178003227327614,0.5683587887825176,3.373291541255355,2.147044198149379,-2.195288313927741,-0.9884244259397598,valid,isolation,0.28030303030303033,0.28030303030303033,0.1,100.0,2.0,3,egm_isolation,0.1
182.8148599632222,51.90432636928899,127.71715243186128,50.25341688739033,55.0977074464335,12.986654187735223,8.492743528061248e-08,2.2346958979680237e-08,1195.9557723149662,600.0603920340272,1003.1137959013404,599.5683346654984,192.84197606251726,24.295805285509118,3.5110856748386097e-07,4.876477925875788e-08,132.71056094422144,50.088148241728014,120.46662592823493,49.712615182538315,12.243934988096335,6.121967494048167,2.7890162003835033e-08,6.2106059775413676e-09,344.00188458098927,127.89066434539008,270.5382745408506,127.00846865747233,73.46360992857801,14.995696582323022,1.1156064801534013e-07,1.2026786760436976e-08,461.38108109995494,336.6528192869053,-1.5237613681555935,1.9759900308494673,-0.8177957357309139,1.3775456803325525,0.6506012361181495,3.476596570892911,2.171021398976336,-2.0990508905603584,-0.9261565933062411,valid,isolation,0.2878787878787879,0.2878787878787879,0.1,100.0,2.0,3,egm_isolation,0.1
185.9050053469677,51.994514785218165,127.74631406858266,50.25342534851633,58.15869119345759,13.342518821098452,8.492743528061248e-08,2.2346958979680237e-08,1199.048364966319,600.0681999289081,1003.145404805669,599.5683353796705,195.90295980954136,24.48786997619267,3.5110856748386097e-07,4.876477925875788e-08,132.71560946470643,50.088148369059894,120.47167444871994,49.71261531083207,12.243934988096335,6.121967494048167,2.7890162003835033e-08,6.2106059775413676e-09,344.7601585320804,127.89240531928205,271.29654849194173,127.01022172393223,73.46360992857801,14.995696582323022,1.1156064801534013e-07,1.2026786760436976e-08,461.5743165095374,336.19079612644435,-1.4828503979657168,1.9371426612232026,-0.8103446996056477,1.4007772416281306,0.6580086663677877,3.4779203318377228,2.1665674372980854,-2.077143090209592,-0.9173502544465539,valid,isolation,0.29545454545454547,0.29545454545454547,0.1,100.0,2.0,3,egm_isolation,0.1
195.09300510852495,52.264121967220895,127.75136258906767,50.25342547542942,67.34164243452985,14.357286407605137,8.492743528061248e-08,2.2346958979680237e-08,1213.186516504929,600.1292235644268,1011.1615888502307,599.6137839952245,202.02492730358952,24.86754951679014,3.5110856748386097e-07,4.876477925875788e-08,133.40565887367757,50.09251670748359,121.16172385769106,49.71701664512202,12.243934988096335,6.121967494048167,2.7890162003835033e-08,6.2106059775413676e-09,346.2110831450204,127.89585716438552,272.7474731048817,127.01369754409879,73.46360992857801,14.995696582323022,1.1156064801534013e-07,1.2026786760436976e-08,467.47765871841824,337.8027298949451,-1.3961784711777496,1.846656328132656,-0.796861290232783,1.4624042694715027,0.6745469351918796,3.5041816266660395,2.1634407123358295,-2.041777357194537,-0.9009848110634312,valid,isolation,0.30303030303030304,0.30303030303030304,0.1,100.0,2.0,3,egm_isolation,0.1
195.09300510852495,52.264121967220895,127.75136258906767,50.25342547542942,67.34164243452985,14.357286407605137,8.492743528061248e-08,2.2346958979680237e-08,1217.0057742030442,600.1374008584932,1011.919862801322,599.614155327172,205.08591105061362,25.0552317983601,3.5110856748386097e-07,4.876477925875788e-08,133.40826012655523,50.09251677502378,121.16432511056874,49.71701671317233,12.243934988096335,6.121967494048167,2.7890162003835033e-08,6.2106059775413676e-09,346.91138358023187,127.89756811272892,273.4477735400932,127.01542037548448,73.46360992857801,14.995696582323022,1.1156064801534013e-07,1.2026786760436976e-08,468.01180527663485,337.514752009704,-1.3989163784539205,1.845527627668964,-0.7990892296887794,1.4623757548704528,0.6745250673294452,3.508117149812645,2.159971141515403,-2.0457413949421923,-0.9040579500977081,valid,isolation,0.3106060606060606,0.3106060606060606,0.1,100.0,2.0,3,egm_isolation,0.1
195.19054527263677,52.264203665422144,127.84890275317947,50.25351044246285,67.34164243452985,14.357286407605137,8.492743528061248e-08,2.2346958979680237e-08,1223.1277416970925,600.1530131159775,1011.919862801322,599.614155327172,211.20787854466178,25.426440637034638,3.5110856748386097e-07,4.876477925875788e-08,133.50319903778936,50.09260194745035,121.25926402180286,49.7171025288836,12.243934988096335,6.121967494048167,2.7890162003835033e-08,6.2106059775413676e-09,347.6014329904707,127.89927893541348,274.1378229490643,127.01714308001738,73.46360992857801,14.995696582323022,1.128283826518781e-07,1.2093417667876196e-08,469.7663785318897,337.75222345720033,-1.4067066254450644,1.846473201026626,-0.803388866848338,1.4620664274673014,0.6739520241508863,3.5187649578263502,2.1580777342555306,-2.056698530359049,-0.9096953918398425,valid,isolation,0.3181818181818182,0.3181818181818182,0.1,100.0,2.0,3,egm_isolation,0.1
205.60942654485052,52.86757992874171,135.20680027836917,50.788578568732795,70.40262618155393,14.679962346325988,8.492743528061248e-08,2.2346958979680237e-08,1232.4346395008497,600.1764385572951,1012.0438093640071,599.6141631510645,220.390829785734,25.973308375470445,3.5110856748386097e-07,4.876477925875788e-08,133.59798396375308,50.0926871119725,121.35404894776659,49.717188336628546,12.243934988096335,6.121967494048167,2.7890162003835033e-08,6.2106059775413676e-09,347.613977299048,127.89927905855878,274.15036725764156,127.01714320401791,73.46360992857801,14.995696582323022,1.128283826518781e-07,1.2093417667876196e-08,473.6598467177323,339.2932345583183,-1.3036874071258144,1.753273993370654,-0.7806065401392807,1.5390159375506378,0.6997059402909749,3.545411634701333,2.1639498220692173,-2.006395697150695,-0.8822183972398768,valid,isolation,0.32575757575757575,0.32575757575757575,0.1,100.0,2.0,3,egm_isolation,0.1
238.41593337157505,62.17192088503157,168.0133071050937,60.41395908269111,70.40262618155393,14.679962346325988,8.492743528061248e-08,2.2346958979680237e-08,1254.5866818029522,600.2828491397628,1028.0738841707937,599.7050499873958,226.5127972797822,26.331577829032092,3.523763021203989e-07,4.878125508086134e-08,166.4385051753913,59.83018357444464,154.1945701594048,59.51615226603248,12.243934988096335,6.121967494048167,2.7890162003835033e-08,6.2106059775413676e-09,347.71136347788945,127.89931244028591,274.24775343648304,127.01717681758157,73.46360992857801,14.995696582323022,1.128283826518781e-07,1.2093417667876196e-08,600.5312275205977,421.85144140918277,-1.5188384812547748,1.8873762807098622,-0.8492220856710384,1.4324565888184024,0.6361501068431735,3.60812677864274,2.1775706835631294,-2.175670189824338,-0.9590406791136924,valid,isolation,0.33333333333333337,0.33333333333333337,0.1,100.0,2.0,3,egm_isolation,0.1
242.14285341133387,62.25073616783432,168.67924339782843,60.41757391229989,73.46360992857801,14.995696582323022,8.492743528061248e-08,2.2346958979680237e-08,1256.013647284926,600.2835838801062,1029.5008496527676,599.7057854356403,226.5127972797822,26.331577829032092,3.523763021203989e-07,4.878125508086134e-08,166.441106428269,59.83018363099233,154.1971714122825,59.51615232287853,12.243934988096335,6.121967494048167,2.7890162003835033e-08,6.2106059775413676e-09,350.7723472249135,127.93593609380213,274.24775343648304,127.01717681758157,76.52459367560209,15.304918735120419,1.128283826518781e-07,1.2093417667876196e-08,595.9771424315423,417.463625811875,-1.4612625730446056,1.836485537023914,-0.83831211849249,1.4548260258993773,0.6429416911501763,3.580708847837359,2.152718275890549,-2.1258828219379815,-0.946233125586839,valid,isolation,0.34090909090909094,0.34090909090909094,0.1,100.0,2.0,3,egm_isolation,0.1
245.23560004795704,62.32595472276726,168.71100628742752,60.41758100599356,76.52459367560209,15.304918735120419,8.492743528061248e-08,2.2346958979680237e-08,1293.241976308573,601.1829986118607,1063.6681949293904,600.5982652384893,229.57378102680627,26.508896854941362,3.523763021203989e-07,4.878125508086134e-08,166.441106428269,59.83018363099233,154.1971714122825,59.51615232287853,12.243934988096335,6.121967494048167,2.7890162003835033e-08,6.2106059775413676e-09,350.86468488326994,127.93596941611288,274.34009109483947,127.0172103809241,76.52459367560209,15.304918735120419,1.128283826518781e-07,1.2093417667876196e-08,613.4804518382684,424.26592271720705,-1.501596227131376,1.8431565148530065,-0.8587410732112077,1.4734076533770584,0.6486471604045005,3.6858710267145436,2.1776446893668444,-2.212463373337485,-0.9737110398863889,valid,isolation,0.3484848484848485,0.3484848484848485,0.1,100.0,2.0,3,egm_isolation,0.1
246.6840773932897,62.33303752887943,170.15948363276019,60.42488750579559,76.52459367560209,15.304918735120419,8.492743528061248e-08,2.2346958979680237e-08,1300.7832595112322,601.1993173216507,1065.0875106380015,600.5989995767175,235.69574852085444,26.86002337052243,3.523763021203989e-07,4.878125508086134e-08,166.4463089340244,59.83018374408769,154.2023739180379,59.516152436570636,12.243934988096335,6.121967494048167,2.7890162003835033e-08,6.2106059775413676e-09,357.04757690490624,128.00919193951773,274.4010156211599,127.01721710272416,82.64656116965025,15.905338112964817,1.1409611728841605e-07,1.2159683466208245e-08,606.391378274156,416.3216478004315,-1.45816991790428,1.7983461013981128,-0.8544884872997829,1.4820639698959608,0.6511945355803035,3.6431650672080447,2.1310189142997045,-2.161101097312084,-0.9698454102902193,valid,isolation,0.3560606060606061,0.3560606060606061,0.1,100.0,2.0,3,egm_isolation,0.1
251.06943793895869,62.41514833065585,171.48386043013736,60.43211548630072,79.58557742262617,15.608015856866164,8.619516991715043e-08,2.2382889151049943e-08,1314.4139394475396,601.2598714533361,1072.5962230802609,600.644015138433,241.8177160149026,27.206618651793214,3.523763021203989e-07,4.878125508086134e-08,167.11224522675911,59.833833842186976,154.86831021077262,59.51982179288054,12.243934988096335,6.121967494048167,2.7890162003835033e-08,6.2106059775413676e-09,360.83037295050053,128.04749635476665,275.12282791973007,127.01894315706102,85.70754491667435,16.197203523672744,1.1409611728841605e-07,1.2159683466208245e-08,608.7477137312951,414.3851613491213,-1.424618937010155,1.7570989871844434,-0.8535266004868939,1.5024000042502916,0.6548763695390127,3.642747501269395,2.108957019277341,-2.1403474970191034,-0.9692311866279114,valid,isolation,0.36363636363636365,0.36363636363636365,0.1,100.0,2.0,3,egm_isolation,0.1
254.22796185009457,62.49023045575606,171.58140059424915,60.43218614220216,82.64656116965025,15.905338112964817,8.619516991715043e-08,2.2382889151049943e-08,1327.4402615029637,601.2914082667173,1073.3786101475885,600.6443865307574,254.06165100299896,27.886889114103152,3.523763021203989e-07,4.878125508086134e-08,167.23374452183688,59.833912197838494,154.9898095058504,59.5199005619168,12.243934988096335,6.121967494048167,2.7890162003835033e-08,6.2106059775413676e-09,364.0179045130874,128.08411429066197,275.24937573529286,127.01898011768375,88.76852866369843,16.4839019496848,1.1409611728841605e-07,1.2159683466208245e-08,609.8403479826794,412.26300206284844,-1.3987933646035033,1.7254975938710848,-0.8528443623322428,1.5201953563677948,0.6598952051562316,3.646634533756124,2.0916217029212607,-2.1264391773883293,-0.9695382364796521,valid,isolation,0.3712121212121212,0.3712121212121212,0.1,100.0,2.0,3,egm_isolation,0.1
260.34992934414277,62.63998838930762,171.58140059424915,60.43218614220216,88.76852866369843,16.4839019496848,8.619516991715043e-08,2.2382889151049943e-08,1333.6545666553682,601.3069976514612,1073.470947805945,600.6443936283373,260.1836184970471,28.220875738739505,3.523763021203989e-07,4.878125508086134e-08,167.33128468594867,59.83398356013772,155.08734966996218,59.519972300704644,12.243934988096335,6.121967494048167,2.7890162003835033e-08,6.2106059775413676e-09,366.0082176031992,128.08922933286797,277.2396888254047,127.02413805100676,88.76852866369843,16.4839019496848,1.1409611728841605e-07,1.2159683466208245e-08,609.7189113050513,410.6542354909004,-1.3419207865391667,1.6749385997246466,-0.8410337734227666,1.5558951204658094,0.6705709363745217,3.6437831242937397,2.0797005772732886,-2.0878880038279304,-0.9554956246312648,valid,isolation,0.3787878787878788,0.3787878787878788,0.1,100.0,2.0,3,egm_isolation,0.1
260.44226700249914,62.64005644677968,171.67373825260555,60.432256686052376,88.76852866369843,16.4839019496848,8.619516991715043e-08,2.2382889151049943e-08,1369.463733955674,602.2041515004065,1106.2191313592266,601.5347476541681,263.2446022440712,28.386395490814284,3.523763021203989e-07,4.878125508086134e-08,167.36289359027737,59.833990716523374,155.11895857429087,59.51997949484545,12.243934988096335,6.121967494048167,2.7890162003835033e-08,6.2106059775413676e-09,370.4201385314442,128.12921090947083,278.59062600662554,127.02757985294885,91.82951241072251,16.765698464017778,1.1409611728841605e-07,1.2159683466208245e-08,618.7498716739216,410.81963935014284,-1.375765956867455,1.6776980467554787,-0.8622122550228994,1.5561529883684386,0.6705210613588686,3.6970552934432934,2.068426512568065,-2.140902305074855,-0.9845974920630377,valid,isolation,0.38636363636363635,0.38636363636363635,0.1,100.0,2.0,3,egm_isolation,0.1
260.4497627905914,62.64005659640242,171.68123404069783,60.432256841141346,88.76852866369843,16.4839019496848,8.619516991715043e-08,2.2382889151049943e-08,1412.1163312910353,603.1158747941865,1139.6887774535155,602.4241546579099,272.42755348514345,28.877262914957132,3.523763021203989e-07,4.878125508086134e-08,171.27204167914175,59.916023720411204,155.96712291613116,59.52379180602618,15.304918735120419,6.844567736367871,2.7890162003835033e-08,6.2106059775413676e-09,382.2772461227503,128.37995022669398,287.38674985090756,127.24367706775259,94.8904961577466,17.042836221882602,1.1409611728841605e-07,1.2159683466208245e-08,632.671835955976,408.8338620251941,-1.429151131401341,1.6749184261907517,-0.8999462837647525,1.5206787998622318,0.645571516342644,3.6939586271833735,2.0070008987073016,-2.1732798273211418,-1.0308341430345374,valid,isolation,0.3939393939393939,0.3939393939393939,0.1,100.0,2.0,3,egm_isolation,0.1
261.11065056284116,62.643542867944554,172.34212181294754,60.43587047078237,88.76852866369843,16.4839019496848,8.619516991715043e-08,2.2382889151049943e-08,1412.1746545644778,603.1158762041993,1139.7471007269583,602.4241560695416,272.42755348514345,28.877262914957132,3.523763021203989e-07,4.878125508086134e-08,171.36942785798314,59.91609497842515,156.06450909497255,59.52386353359412,15.304918735120419,6.844567736367871,2.7890162003835033e-08,6.2106059775413676e-09,382.30885502707895,128.37995356206747,287.4183587552362,127.24368043291062,94.8904961577466,17.042836221882602,1.1409611728841605e-07,1.2159683466208245e-08,633.0053813980281,408.9649159876715,-1.4242802047084004,1.6707536429241896,-0.8988721685935036,1.523671134499137,0.6460790773472871,3.693805769851848,2.0068032579103536,-2.170134635352711,-1.029358254548231,valid,isolation,0.40151515151515155,0.40151515151515155,0.1,100.0,2.0,3,egm_isolation,0.1
264.26917447397705,62.71835157530638,172.43966197705936,60.43594112229385,91.82951241072251,16.765698464017778,8.619516991715043e-08,2.2382889151049943e-08,1446.3027829504317,604.0033115911612,1173.875229112912,603.3126089347295,272.42755348514345,28.877262914957132,3.523763021203989e-07,4.878125508086134e-08,171.46696802209496,59.91616624284173,156.16204925908437,59.52393526760575,15.304918735120419,6.844567736367871,2.7890162003835033e-08,6.2106059775413676e-09,385.369838774103,128.41644013948581,287.4183587552362,127.24368043291062,97.95147990477068,17.315538916980298,1.1409611728841605e-07,1.2159683466208245e-08,643.5198816371247,410.8209693585414,-1.4350924882481633,1.6585012650435824,-0.9125797972562685,1.54122498066172,0.6510240368070422,3.7530253731097747,2.0051383502213134,-2.2118003924480547,-1.049152863077049,valid,isolation,0.4090909090909091,0.4090909090909091,0.1,100.0,2.0,3,egm_isolation,0.1
270.42030360474655,62.86757286331232,172.46882361378073,60.43594815785076,97.95147990477068,17.315538916980298,8.619516991715043e-08,2.2382889151049943e-08,1495.5867667494904,604.9566420036106,1213.9762616708983,604.2437699524311,281.6105047262157,29.359924692651976,3.523763021203989e-07,4.878125508086134e-08,171.56190693332908,59.916237450707094,156.2569881703185,59.52400694469238,15.304918735120419,6.844567736367871,2.7890162003835033e-08,6.2106059775413676e-09,385.46217643245944,128.41647333711236,287.51069641359265,127.24371393650782,97.95147990477068,17.315538916980298,1.1409611728841605e-07,1.2159683466208245e-08,665.6573157515845,419.19116273603476,-1.4615655957717095,1.6524057372269227,-0.9324284538141207,1.5762257976640175,0.6612935091046906,3.879983194697565,2.0332159684096003,-2.3037573970335474,-1.0775018082787173,valid,isolation,0.4166666666666667,0.4166666666666667,0.1,100.0,2.0,3,egm_isolation,0.1
270.42275087235384,62.867572910945135,172.47127088138802,60.43594820740007,97.95147990477068,17.315538916980298,8.619516991715043e-08,2.2382889151049943e-08,1503.0738133431205,605.0013326445592,1221.4633082645285,604.2885133144055,281.6105047262157,29.359924692651976,3.523763021203989e-07,4.878125508086134e-08,171.75438600867497,59.91637992265025,156.44946724566438,59.52415035544512,15.304918735120419,6.844567736367871,2.7890162003835033e-08,6.2106059775413676e-09,385.5015890954212,128.41647675057519,287.5501090765544,127.24371738143128,97.95147990477068,17.315538916980298,1.1409611728841605e-07,1.2159683466208245e-08,669.671739984876,420.70918093845705,-1.4763883135741693,1.6588508137369469,-0.9385691507497287,1.5744736257197842,0.6600447781122821,3.8990080867632235,2.03713234710406,-2.3245344610434393,-1.085524057214231,valid,isolation,0.42424242424242425,0.42424242424242425,0.1,100.0,2.0,3,egm_isolation,0.1
270.52029103646566,62.86764082967633,172.5688110454998,60.43601885882067,97.95147990477068,17.315538916980298,8.619516991715043e-08,2.2382889151049943e-08,1517.8808103978836,605.0622196977256,1230.1483378252435,604.333968335871,287.73247222026384,29.67733850865482,3.523763021203989e-07,4.878125508086134e-08,171.75438600867497,59.91637992265025,156.44946724566438,59.52415035544512,15.304918735120419,6.844567736367871,2.7890162003835033e-08,6.2106059775413676e-09,388.5943357320443,128.45295629022377,287.58187196615347,127.243720749643,101.01246365179476,17.584012894814563,1.1409611728841605e-07,1.2159683466208245e-08,670.8864814849136,418.89576144282387,-1.4799858040758918,1.6522591811868723,-0.9451804038093803,1.5750415306587993,0.6602098656580025,3.906080636863786,2.0227648266349836,-2.3310391062049867,-1.0955255404684814,valid,isolation,0.4318181818181818,0.4318181818181818,0.1,100.0,2.0,3,egm_isolation,0.1
281.02646144655085,63.37020435281766,180.01399770856094,60.881731991073195,101.01246365179476,17.584012894814563,8.619516991715043e-08,2.2382889151049943e-08,1551.9242091118208,605.9468024879823,1264.1917365391807,605.219615531794,287.73247222026384,29.67733850865482,3.523763021203989e-07,4.878125508086134e-08,171.79104343348865,59.91638717563983,156.48612467047806,59.52415765622768,15.304918735120419,6.844567736367871,2.7890162003835033e-08,6.2106059775413676e-09,414.5014560662654,129.12076103199047,310.4280085533505,127.88120971626692,104.07344739881884,17.848448979800747,1.1409611728841605e-07,1.2159683466208245e-08,643.1984141700808,391.84017619477197,-1.2887467993558048,1.486769421958424,-0.9124296717368564,1.6358621254626364,0.6794089831431801,3.7440742038399937,1.8701183687207987,-2.108212078377357,-1.0595583461617346,valid,isolation,0.4393939393939394,0.4393939393939394,0.1,100.0,2.0,3,egm_isolation,0.1
281.2402983999851,63.37034560900886,180.22783466199516,60.881879020938754,101.01246365179476,17.584012894814563,8.619516991715043e-08,2.2382889151049943e-08,1559.5576759875667,605.9629999421961,1265.7032359208783,605.220351306026,293.85443971431204,29.991393164646045,3.523763021203989e-07,4.878125508086134e-08,171.79624593924405,59.91638728857247,156.49132717623345,59.52415776990449,15.304918735120419,6.844567736367871,2.7890162003835033e-08,6.2106059775413676e-09,417.69434411987805,129.15707473727565,310.559912859939,127.88124648362681,107.13443114584292,18.10902406216569,1.1409611728841605e-07,1.2159683466208245e-08,641.440703787699,389.2332459332402,-1.2807567316524118,1.4763222062880876,-0.9133840397702652,1.6370572992581343,0.6797389380894787,3.733729455383706,1.8540628265510186,-2.096672156125572,-1.0617464844233826,valid,isolation,0.44696969696969696,0.44696969696969696,0.1,100.0,2.0,3,egm_isolation,0.1
298.52967383393127,64.01885107508227,188.33425885486912,61.327864131974465,110.195414892867,18.365902482144502,8.619516991715043e-08,2.2382889151049943e-08,1562.805782318911,605.9707451510517,1265.8903585051987,605.2203653988066,296.9154234613361,30.147193658049222,3.523763021203989e-07,4.878125508086134e-08,171.79884719212174,59.9163873450388,156.49392842911115,59.5241578267429,15.304918735120419,6.844567736367871,2.7890162003835033e-08,6.2106059775413676e-09,417.69954662563345,129.15707478966547,310.5651153656944,127.88124653653931,107.13443114584292,18.10902406216569,1.1409611728841605e-07,1.2159683466208245e-08,642.7783653502636,389.71160949477945,-1.153147313951222,1.3846897242976122,-0.8716593983116769,1.7376698313934966,0.7114276049339022,3.7414591299989803,1.8555434839485072,-2.0037892986054837,-1.008321647546113,valid,isolation,0.4545454545454546,0.4545454545454546,0.1,100.0,2.0,3,egm_isolation,0.1
309.072809639371,64.51245383569633,195.8164109132847,61.76714907148997,113.2563986398911,18.61923724224994,8.619516991715043e-08,2.2382889151049943e-08,1573.9780430070014,606.0234511149961,1274.0016354462648,605.2653966603201,299.97640720836023,30.30219310471552,3.523763021203989e-07,4.878125508086134e-08,172.5520726227279,59.92010323231583,157.24715385971732,59.52789819801853,15.304918735120419,6.844567736367871,2.7890162003835033e-08,6.2106059775413676e-09,420.7657328784129,129.1933419463086,310.5703178714498,127.8812465894518,110.195414892867,18.365902482144502,1.1409611728841605e-07,1.2159683466208245e-08,645.4736029133925,388.9530593227067,-1.0884192422702506,1.3318108743925858,-0.8532312672067983,1.7911857269610163,0.7257197820022891,3.740746738665213,1.8421844688859723,-1.9495610117041968,-0.9846377216787802,valid,isolation,0.46212121212121215,0.46212121212121215,0.1,100.0,2.0,3,egm_isolation,0.1
319.48908965870703,65.00223623751342,203.1717071855967,62.2032563367447,116.31738238691518,18.869171073015707,8.619516991715043e-08,2.2382889151049943e-08,1581.3411430379465,606.0680553503086,1281.36473547721,605.310056755337,299.97640720836023,30.30219310471552,3.523763021203989e-07,4.878125508086134e-08,172.55467387560557,59.920103288778655,157.24975511259498,59.52789825485336,15.304918735120419,6.844567736367871,2.7890162003835033e-08,6.2106059775413676e-09,423.8319191311924,129.2295989248918,310.5755203772052,127.8812466423643,113.2563986398911,18.61923724224994,1.1409611728841605e-07,1.2159683466208245e-08,643.8113622549675,386.52443392879013,-1.015127849726313,1.2774030542643302,-0.8274538997479416,1.851523824205575,0.745176180806642,3.7310572225884195,1.8272983072407354,-1.8795333983828446,-0.9524341843566223,valid,isolation,0.4696969696969697,0.4696969696969697,0.1,100.0,2.0,3,egm_isolation,0.1
322.5792350424525,65.07427439302035,203.20086882231809,62.20326317240781,119.37836613393927,19.11583737329543,8.619516991715043e-08,2.2382889151049943e-08,1660.2488008640648,607.8914538876788,1354.1504258092803,607.1202990838976,306.09837470240836,30.609837470240837,3.523763021203989e-07,4.878125508086134e-08,172.55712114321287,59.92010333875453,157.25220238020228,59.52789830515851,15.304918735120419,6.844567736367871,2.7890162003835033e-08,6.2106059775413676e-09,423.8980461632682,129.22960558397622,310.641647409281,127.88125337166068,113.2563986398911,18.61923724224994,1.1409611728841605e-07,1.2159683466208245e-08,675.8411746682857,398.4499714392612,-1.0951167999990536,1.3055087404511323,-0.8749978563227543,1.8694055215184635,0.7507393288404353,3.9166229141443245,1.8660630457450895,-2.047217392625861,-1.0177982807623909,valid,isolation,0.4772727272727273,0.4772727272727273,0.1,100.0,2.0,3,egm_isolation,0.1
322.67157270080895,65.07433990461412,203.2932064806745,62.20333170770659,119.37836613393927,19.11583737329543,8.619516991715043e-08,2.2382889151049943e-08,1667.0634190199619,607.9072269536612,1354.843076471129,607.1206594982059,312.22034219645656,30.91442046931579,3.523763021203989e-07,4.878125508086134e-08,173.31554907957442,59.92381910852073,158.01063031656383,59.531638555082516,15.304918735120419,6.844567736367871,2.7890162003835033e-08,6.2106059775413676e-09,423.9322563204746,129.2296089236006,310.67585756648737,127.88125674649731,113.2563986398911,18.61923724224994,1.1409611728841605e-07,1.2159683466208245e-08,681.5428821710141,400.57258420643143,-1.1121875610745593,1.3124743029446604,-0.8843029696423894,1.8617577846558975,0.7452037086405405,3.9323816344839146,1.8690184498441493,-2.070623849828017,-1.0290844141096036,valid,isolation,0.48484848484848486,0.48484848484848486,0.1,100.0,2.0,3,egm_isolation,0.1
327.0543319923325,65.15299594658575,204.614982025174,62.21035300361183,122.43934988096335,19.359361042705515,8.619516991715043e-08,2.2382889151049943e-08,1690.4770134432706,607.9905874140907,1362.9517521593175,607.1655498162586,327.52526093157695,31.663062082675758,3.523763021203989e-07,4.878125508086134e-08,176.37898009420582,60.00194766871638,158.01307758417116,59.531638605384494,18.365902482144502,7.497848291161511,2.7890162003835033e-08,6.2106059775413676e-09,427.02240170422004,129.26585896688792,310.70501920320874,127.88126007146091,116.31738238691518,18.869171073015707,1.1409611728841605e-07,1.2159683466208245e-08,698.2411468669245,405.17019775330175,-1.1349393007987865,1.3098187780894361,-0.904505968932012,1.8542704568177537,0.7309986206381258,3.958754872570341,1.8609881042381828,-2.1044844157525873,-1.0525533218476542,valid,isolation,0.49242424242424243,0.49242424242424243,0.1,100.0,2.0,3,egm_isolation,0.1
334.4122295175222,65.5665866280794,211.97287955036367,62.64337492565049,122.43934988096335,19.359361042705515,8.619516991715043e-08,2.2382889151049943e-08,1691.8329991449762,607.9913065106957,1364.307737861023,607.1662698899959,327.52526093157695,31.663062082675758,3.523763021203989e-07,4.878125508086134e-08,176.37898009420582,60.00194766871638,158.01307758417116,59.531638605384494,18.365902482144502,7.497848291161511,2.7890162003835033e-08,6.2106059775413676e-09,434.3829004822875,129.4748110732566,318.0655179812762,128.09247083834694,116.31738238691518,18.869171073015707,1.1409611728841605e-07,1.2159683466208245e-08,686.9602338112296,396.8446605037824,-1.054231792905274,1.2531793957944288,-0.8764952922579446,1.8959868649819225,0.7444475305163119,3.894796496976664,1.8184530555404295,-1.9988096319947417,-1.0172390303843757,valid,isolation,0.5,0.5,0.1,100.0,2.0,3,egm_isolation,0.1
334.4832510848126,65.56659984426018,212.0439011176541,62.64338875855549,122.43934988096335,19.359361042705515,8.619516991715043e-08,2.2382889151049943e-08,1814.0215809490608,618.9612832210082,1480.3743521710594,618.1357305504566,333.64722842562514,31.957608537724948,3.523763021203989e-07,4.878125508086134e-08,176.37898009420582,60.00194766871638,158.01307758417116,59.531638605384494,18.365902482144502,7.497848291161511,2.7890162003835033e-08,6.2106059775413676e-09,447.5350692502466,129.72631319537038,328.1567030009435,128.31017534389488,119.37836613393927,19.11583737329543,1.1536385192495401e-07,1.2225590092386388e-08,714.9278309132147,402.00007642470104,-1.1374099557885948,1.2727921549111572,-0.934037318712397,1.896389529558237,0.7445662522053179,4.053361860531026,1.8147459191541664,-2.156972330972789,-1.0996260198874206,valid,isolation,0.5075757575757576,0.5075757575757576,0.1,100.0,2.0,3,egm_isolation,0.1
344.8996850894191,66.0485657065268,219.39935137523648,63.07343775638061,125.50033362798743,19.59985922095793,8.619516991715043e-08,2.2382889151049943e-08,1814.6824687213104,618.9616360480225,1481.035239943309,618.1360838486896,333.64722842562514,31.957608537724948,3.523763021203989e-07,4.878125508086134e-08,180.10345286635732,60.083609453435386,158.67656660929856,59.535306956932125,21.426886229168588,8.098601761836372,2.7890162003835033e-08,6.2106059775413676e-09,452.052180115966,129.7658233579138,329.61283011963883,128.31361600303947,122.43934988096335,19.359361042705515,1.1536385192495401e-07,1.2225590092386388e-08,722.9930367527724,402.56843574643574,-1.0962415102389214,1.234306988610541,-0.9268114231954675,1.9150087330382612,0.7366329021872728,4.014320798664849,1.7896052894127312,-2.099312065626587,-1.0847578950115977,valid,isolation,0.5151515151515151,0.5151515151515151,0.1,100.0,2.0,3,egm_isolation,0.1
355.3426794778693,66.52704632159748,226.78136201666257,63.50058101541326,128.56131737501153,19.83744194650397,8.619516991715043e-08,2.2382889151049943e-08,1822.5348210709749,618.9775074010555,1482.7656247989255,618.136818739973,339.7691959196733,32.24946490175553,3.523763021203989e-07,4.878125508086134e-08,180.13521575595638,60.08361658655813,158.70832949889763,59.53531415574881,21.426886229168588,8.098601761836372,2.7890162003835033e-08,6.2106059775413676e-09,452.0651863803545,129.76582348827395,329.6258363840273,128.31361613487496,122.43934988096335,19.359361042705515,1.1536385192495401e-07,1.2225590092386388e-08,726.2286791979135,403.6923387831373,-1.0437417769940098,1.1987692425032204,-0.9065073639364327,1.9726441494886848,0.7545329440542595,4.031575259452842,1.792773860961522,-2.0589311099641567,-1.058529807520474,valid,isolation,0.5227272727272727,0.5227272727272727,0.1,100.0,2.0,3,egm_isolation,0.1
358.435272129222,66.59743516206686,226.81297092099126,63.50058775858093,131.6223011220356,20.072212744998016,8.619516991715043e-08,2.2382889151049943e-08,1840.3648746213364,619.0724148114282,1497.5346946022628,618.2242774046518,342.8301796666974,32.39440704734549,3.523763021203989e-07,4.878125508086134e-08,180.13781700883408,60.0836166428673,158.71093075177532,59.535314212576566,21.426886229168588,8.098601761836372,2.7890162003835033e-08,6.2106059775413676e-09,455.8842900931993,129.8036358426,330.383956349848,128.31535136715695,125.50033362798743,19.59985922095793,1.1536385192495401e-07,1.2225590092386388e-08,727.2005599189426,401.9233812807275,-1.0288197520270117,1.1829924940609988,-0.905159812309741,1.9897835894816251,0.7597024035550878,4.036912248599528,1.7791114045189962,-2.0471286591179023,-1.0582076548268669,valid,isolation,0.5303030303030303,0.5303030303030303,0.1,100.0,2.0,3,egm_isolation,0.1
358.4427679173143,66.59743530279866,226.82046670908355,63.50058790617605,131.6223011220356,20.072212744998016,8.619516991715043e-08,2.2382889151049943e-08,1848.0885816453942,619.0882709216321,1499.1364341322724,618.2249997709474,348.95214716074554,32.682362995172156,3.523763021203989e-07,4.878125508086134e-08,183.29358568182187,60.161608544144286,158.80571567773902,59.53538586943475,24.48786997619267,8.657769458490149,2.7890162003835033e-08,6.2106059775413676e-09,457.2668361787488,129.80700724554342,331.7665024353975,128.3187618727799,125.50033362798743,19.59985922095793,1.1536385192495401e-07,1.2225590092386388e-08,740.7989296101058,406.1136752218597,-1.0667146778115315,1.196295798605054,-0.9290907528313176,1.9555663477473388,0.7375681559017828,4.0415976743237145,1.774637571314649,-2.086031326576376,-1.0854526168973928,valid,isolation,0.5378787878787878,0.5378787878787878,0.1,100.0,2.0,3,egm_isolation,0.1
361.5329133010598,66.66774978061773,226.84962834580492,63.50059460218501,134.6832848690597,20.304269156510077,8.619516991715043e-08,2.2382889151049943e-08,1867.1820874668122,619.1838653818899,1515.1689562066663,618.3131509816127,352.0131309077696,32.82539371352222,3.523763021203989e-07,4.878125508086134e-08,184.64972536879804,60.16887527491238,160.16185536471522,59.54272902589868,24.48786997619267,8.657769458490149,2.7890162003835033e-08,6.2106059775413676e-09,460.32781992577287,129.84309281415054,331.7665024353975,128.3187618727799,128.56131737501153,19.83744194650397,1.1536385192495401e-07,1.2225590092386388e-08,748.9763701874031,407.28778818089484,-1.0716685608198193,1.189568658318085,-0.9387833860002031,1.9579390794054836,0.7330785781283702,4.05620083480484,1.7658662328958359,-2.0982617553993563,-1.0974256783951606,valid,isolation,0.5454545454545454,0.5454545454545454,0.1,100.0,2.0,3,egm_isolation,0.1
370.21243238547856,67.07851225668543,235.52914743022367,63.931709351387525,134.6832848690597,20.304269156510077,8.619516991715043e-08,2.2382889151049943e-08,1999.211907031341,629.9816236317155,1631.8938570360747,629.0886197776168,367.31804964289006,33.531396928035555,3.523763021203989e-07,4.878125508086134e-08,185.40799931988926,60.17257567608568,160.9201293158064,59.54646833774353,24.48786997619267,8.657769458490149,2.7890162003835033e-08,6.2106059775413676e-09,461.9003978190611,129.84652891173909,333.3390803286857,128.322238787539,128.56131737501153,19.83744194650397,1.1536385192495401e-07,1.2225590092386388e-08,802.488765217264,427.3955244852968,-1.1676440200735443,1.2194400062754107,-0.999188539251407,1.9967446590410665,0.74217867629591,4.328231619784156,1.8277357161374266,-2.3314869607430895,-1.1818910093744994,valid,isolation,0.5530303030303031,0.5530303030303031,0.1,100.0,2.0,3,egm_isolation,0.1
370.2150336383562,67.07851230712272,235.53174868310137,63.931709404307405,134.6832848690597,20.304269156510077,8.619516991715043e-08,2.2382889151049943e-08,2005.9999648033943,629.9968429625915,1632.5599473140799,629.0889669354308,373.4400171369382,33.809670553623604,3.523763021203989e-07,4.878125508086134e-08,185.47412635196508,60.172589977463325,160.98625634788226,59.54648278949442,24.48786997619267,8.657769458490149,2.7890162003835033e-08,6.2106059775413676e-09,462.5956497337875,129.84821410789095,334.03433224341217,128.32394400121817,128.56131737501153,19.83744194650397,1.1536385192495401e-07,1.2225590092386388e-08,804.2900774101406,427.6169308634426,-1.1724943730832114,1.220280835476649,-1.0028391626953885,1.9960467851770194,0.7417165240636504,4.336400409207908,1.8265509942284475,-2.3403536240308886,-1.1871509667125884,valid,isolation,0.5606060606060607,0.5606060606060607,0.1,100.0,2.0,3,egm_isolation,0.1
373.96866804722913,67.15157529538261,236.22439934495017,63.935131947716265,137.74426861608376,20.533703209103614,8.619516991715043e-08,2.2382889151049943e-08,2045.6865173029653,630.8609826251538,1666.1245323196026,629.9394783094888,379.5619846309864,34.085672443765205,3.523763021203989e-07,4.878125508086134e-08,185.5032879886865,60.17259704381203,161.01541798460366,59.54648993014292,24.48786997619267,8.657769458490149,2.7890162003835033e-08,6.2106059775413676e-09,462.68798739214395,129.8482469394633,334.1266699017686,128.32397722277364,128.56131737501153,19.83744194650397,1.1536385192495401e-07,1.2225590092386388e-08,820.1673384535083,433.27750193835817,-1.1931445292896248,1.223693285518279,-1.0176720103595815,2.0159678682894113,0.7474389855690414,4.42130890156259,1.8435325232297453,-2.4053410332731784,-1.2091451092215881,valid,isolation,0.5681818181818182,0.5681818181818182,0.1,100.0,2.0,3,egm_isolation,0.1
377.2195296167214,67.2214307506938,236.4142771674184,63.93526541112677,140.80525236310785,20.760601845300574,8.619516991715043e-08,2.2382889151049943e-08,2082.219748397156,631.7165175195075,1699.5967796667694,630.7888361563885,382.62296837801046,34.222838681839356,3.523763021203989e-07,4.878125508086134e-08,187.48855255831342,60.18348411072609,163.00068255423056,59.557491449100304,24.48786997619267,8.657769458490149,2.7890162003835033e-08,6.2106059775413676e-09,470.8284259699316,130.05797855019344,342.2671084795562,128.53619599778756,128.56131737501153,19.83744194650397,1.1536385192495401e-07,1.2225590092386388e-08,829.1605714567663,431.9498368049442,-1.198084951485002,1.2102315011933,-1.033837166066855,2.0119603275479823,0.7386824917246292,4.422459718968057,1.8145420588470105,-2.4104993914200743,-1.2303888691344274,valid,isolation,0.5757575757575758,0.5757575757575758,0.1,100.0,2.0,3,egm_isolation,0.1
377.9173827843256,67.22468590866332,237.11213033502256,63.93868787001606,140.80525236310785,20.760601845300574,8.619516991715043e-08,2.2382889151049943e-08,2156.840743471349,633.4308137019324,1765.0348234998903,632.483426024074,391.8059196190827,34.631077833960596,3.523763021203989e-07,4.878125508086134e-08,187.49604834640564,60.18348426645614,163.00817834232282,59.55749160646719,24.48786997619267,8.657769458490149,2.7890162003835033e-08,6.2106059775413676e-09,470.83362847568696,130.05797860222035,342.2723109853116,128.53619605043045,128.56131737501153,19.83744194650397,1.1536385192495401e-07,1.2225590092386388e-08,858.900239608276,442.6335206626813,-1.2727195909335651,1.2390527753447047,-1.074319624753981,2.015601854638076,0.7396835523253954,4.580897822557984,1.8469210171635713,-2.5652959679199077,-1.289394825828111,valid,isolation,0.5833333333333334,0.5833333333333334,0.1,100.0,2.0,3,egm_isolation,0.1
384.0393502783737,67.36391941178547,237.11213033502256,63.93868787001606,146.92721985715602,21.207117483953088,8.619516991715043e-08,2.2382889151049943e-08,2167.444454045546,633.4808969677752,1772.577550327063,632.5261778374517,394.8669033661068,34.76609229466813,3.523763021203989e-07,4.878125508086134e-08,188.8227184261197,60.190741279070735,164.33484842203686,59.56482488623353,24.48786997619267,8.657769458490149,2.7890162003835033e-08,6.2106059775413676e-09,470.9363711455542,130.05801148489402,342.3750536551788,128.53622932241288,128.56131737501153,19.83744194650397,1.1536385192495401e-07,1.2225590092386388e-08,869.0404456444169,445.93288119643773,-1.2628942711586366,1.2271340474744659,-1.075408875447627,2.0338619922402823,0.7400062581297441,4.602414650567827,1.850671882823112,-2.5685526583275444,-1.288698404118643,valid,isolation,0.5909090909090909,0.5909090909090909,0.1,100.0,2.0,3,egm_isolation,0.1
384.25318723180794,67.36405229352584,237.32596728845675,63.938827870290964,146.92721985715602,21.207117483953088,8.619516991715043e-08,2.2382889151049943e-08,2180.176286362536,633.5320184730655,1782.2483988970287,632.5699705452479,397.9278871131309,34.90058444984737,3.523763021203989e-07,4.878125508086134e-08,188.8227184261197,60.190741279070735,164.33484842203686,59.56482488623353,24.48786997619267,8.657769458490149,2.7890162003835033e-08,6.2106059775413676e-09,478.28922015025887,130.26569287379857,349.7279026598835,128.74636552893406,128.56131737501153,19.83744194650397,1.1536385192495401e-07,1.2225590092386388e-08,860.7068604009255,439.07282738789587,-1.2399472249053538,1.2082585570424593,-1.07258563216607,2.0349944669510407,0.7403228931718911,4.558280208944734,1.8154306245859597,-2.5232857419936936,-1.2870111067550691,valid,isolation,0.5984848484848485,0.5984848484848485,0.1,100.0,2.0,3,egm_isolation,0.1
392.3304497879605,67.76738460995472,245.4032298446093,64.36362781024185,146.92721985715602,21.207117483953088,8.619516991715043e-08,2.2382889151049943e-08,2309.6177297396057,644.1090867293302,1905.5678747800503,643.148292051959,404.04985460717904,35.16802578962913,3.523763021203989e-07,4.878125508086134e-08,188.92270585783882,60.19081226806408,164.434835853756,59.5648966211893,24.48786997619267,8.657769458490149,2.7890162003835033e-08,6.2106059775413676e-09,478.9818708121077,130.26737262148913,350.4205533217323,128.74806509895586,128.56131737501153,19.83744194650397,1.1536385192495401e-07,1.2225590092386388e-08,910.9723302467323,458.43456452994525,-1.321951637297278,1.235406577942138,-1.119170557722957,2.0766717690523797,0.7526090859628274,4.821931414280207,1.8783321671368514,-2.745259645227827,-1.3566887438901718,valid,isolation,0.6060606060606061,0.6060606060606061,0.1,100.0,2.0,3,egm_isolation,0.1
393.08367521856667,67.77067002593517,246.15645527521548,64.36708696054218,146.92721985715602,21.207117483953088,8.619516991715043e-08,2.2382889151049943e-08,2319.561710169917,644.1312519906022,1906.3289039692897,643.1486382544412,413.2328058482513,35.56541722570756,3.523763021203989e-07,4.878125508086134e-08,189.10738117455168,60.1909539214626,164.61951117046883,59.56503976309652,24.48786997619267,8.657769458490149,2.7890162003835033e-08,6.2106059775413676e-09,482.14039472324356,130.30336346764662,350.51809348584413,128.74809826362937,131.6223011220356,20.072212744998016,1.1536385192495401e-07,1.2225590092386388e-08,909.789441589493,456.22437820496583,-1.3144930683870855,1.2273101540217148,-1.120276736551861,2.078626824490467,0.7524308653816134,4.810967377046645,1.86424351399167,-2.7323405525561784,-1.3591285105185378,valid,isolation,0.6136363636363636,0.6136363636363636,0.1,100.0,2.0,3,egm_isolation,0.1
393.20517451364447,67.77073920512004,246.27795457029328,64.3671597977587,146.92721985715602,21.207117483953088,8.619516991715043e-08,2.2382889151049943e-08,2442.318842087895,654.4960957648254,2022.9640683932196,653.5147291576234,419.3547733422995,35.82789619050702,3.523763021203989e-07,4.878125508086134e-08,189.10998242742937,60.19095397767135,164.62211242334652,59.565039819895915,24.48786997619267,8.657769458490149,2.7890162003835033e-08,6.2106059775413676e-09,482.17475886572026,130.30336678273403,350.55245762832084,128.74810161876272,131.6223011220356,20.072212744998016,1.1536385192495401e-07,1.2225590092386388e-08,957.8827278224361,475.2390536367155,-1.4360888154822513,1.2794823761382477,-1.1762966226629217,2.079240712026063,0.7525925019781528,5.065215043262044,1.9277400610338662,-2.985974331235981,-1.4428908151851556,valid,isolation,0.6212121212121212,0.6212121212121212,0.1,100.0,2.0,3,egm_isolation,0.1
393.8686635387719,67.7739616063752,246.9414435954207,64.37055258302689,146.92721985715602,21.207117483953088,8.619516991715043e-08,2.2382889151049943e-08,2445.421993736029,654.5032542907122,2023.0062362943293,653.514729834145,422.41575708932356,35.95841719176879,3.523763021203989e-07,4.878125508086134e-08,189.14174531702844,60.19096109807288,164.6538753129456,59.565047015119184,24.48786997619267,8.657769458490149,2.7890162003835033e-08,6.2106059775413676e-09,482.9330328168114,130.30507552110933,351.310731579412,128.74983099826403,131.6223011220356,20.072212744998016,1.1536385192495401e-07,1.2225590092386388e-08,957.7547040716298,474.7488928373459,-1.4316600753828435,1.275907966589664,-1.1758352550112343,2.0823994347656676,0.753358370324866,5.063687566519474,1.9244437674137556,-2.9812881317538062,-1.4425720239741422,valid,isolation,0.6287878787878788,0.6287878787878788,0.1,100.0,2.0,3,egm_isolation,0.1
393.87615932686424,67.77396174466396,246.94893938351305,64.37055272862727,146.92721985715602,21.207117483953088,8.619516991715043e-08,2.2382889151049943e-08,2446.148854555084,654.5035892721327,2023.7330971133845,653.5150653222672,422.41575708932356,35.95841719176879,3.523763021203989e-07,4.878125508086134e-08,189.14434656990613,60.190961154281624,164.65647656582328,59.56504707191857,24.48786997619267,8.657769458490149,2.7890162003835033e-08,6.2106059775413676e-09,482.9356340696891,130.30507554707347,351.3133328322897,128.74983102454178,131.6223011220356,20.072212744998016,1.1536385192495401e-07,1.2225590092386388e-08,958.0473961065799,474.8494627242243,-1.4323569056423375,1.2761642200942176,-1.17618577130778,2.0824104260567524,0.7533510872326734,5.065165380200744,1.9247170029782157,-2.9827549541439917,-1.4431059678210352,valid,isolation,0.6363636363636364,0.6363636363636364,0.1,100.0,2.0,3,egm_isolation,0.1
397.60323335189344,67.846269597136,247.61502966151818,64.37394538762967,149.98820360418011,21.426886229168588,8.619516991715043e-08,2.2382889151049943e-08,2489.323723139213,655.3691688288028,2063.846981950489,654.3747932667632,425.47674083634763,36.08846614137041,3.523763021203989e-07,4.878125508086134e-08,189.83699723175488,60.19459638947106,165.34912722767206,59.56872050409474,24.48786997619267,8.657769458490149,2.7890162003835033e-08,6.2106059775413676e-09,482.99395734313185,130.30508207330456,351.3716561057324,128.74983762960704,131.6223011220356,20.072212744998016,1.1536385192495401e-07,1.2225590092386388e-08,978.4092193161688,481.94976200718054,-1.4607677635514618,1.2828070115601686,-1.193350688262635,2.094445440824664,0.7541769339551759,5.153943823298665,1.9428160281975382,-3.0594983824740005,-1.468045329409566,valid,isolation,0.6439393939393939,0.6439393939393939,0.1,100.0,2.0,3,egm_isolation,0.1
397.63239498861486,67.84627586425299,247.64419129823958,64.37395199279429,149.98820360418011,21.426886229168588,8.619516991715043e-08,2.2382889151049943e-08,2490.1085574741483,655.3695092134182,2064.631816285424,654.3751341686203,425.47674083634763,36.08846614137041,3.523763021203989e-07,4.878125508086134e-08,190.50033227161197,60.198224335340235,166.01246226752912,59.57238656568649,24.48786997619267,8.657769458490149,2.7890162003835033e-08,6.2106059775413676e-09,483.6675434092293,130.3067581480559,352.0452421718299,128.75153395037853,131.6223011220356,20.072212744998016,1.1536385192495401e-07,1.2225590092386388e-08,980.7697747248875,482.1845286758758,-1.466523822217677,1.2835925221761364,-1.1975688502984236,2.087305519350369,0.7495999159424361,5.148388787724126,1.9390527777104951,-3.0610832683737565,-1.4724532645885515,valid,isolation,0.6515151515151515,0.6515151515151515,0.1,100.0,2.0,3,egm_isolation,0.1
397.64019874724795,67.84627601385257,247.65199505687264,64.37395215046327,149.98820360418011,21.426886229168588,8.619516991715043e-08,2.2382889151049943e-08,2493.2643261471358,655.3766640340259,2064.726601211388,654.3751406879941,428.5377245833717,36.21804812433138,3.523763021203989e-07,4.878125508086134e-08,190.62443281956746,60.198302272893656,166.13656281548464,59.57246532201189,24.48786997619267,8.657769458490149,2.7890162003835033e-08,6.2106059775413676e-09,483.7095573250688,130.3067615379654,352.08725608766935,128.75153738123564,131.6223011220356,20.072212744998016,1.1536385192495401e-07,1.2225590092386388e-08,982.5671021870195,482.7522392838447,-1.470995400572085,1.2851662855307837,-1.199858662130074,2.0859875770679825,0.7487464640580569,5.154465708585493,1.9400660779074297,-3.06847813151751,-1.4755577240468147,valid,isolation,0.6590909090909091,0.6590909090909091,0.1,100.0,2.0,3,egm_isolation,0.1
398.51997199341685,67.84962680249885,248.53176830304156,64.3774836706176,149.98820360418011,21.426886229168588,8.619516991715043e-08,2.2382889151049943e-08,2500.0789443030326,655.3912942915726,2065.419251873236,654.3754750754701,434.6596920774199,36.47583107943498,3.523763021203989e-07,4.878125508086134e-08,191.38025950305132,60.20200081555305,166.8923894989685,59.57620271718805,24.48786997619267,8.657769458490149,2.7890162003835033e-08,6.2106059775413676e-09,491.1547439881299,130.51407976628926,359.53244275073047,128.96135581157966,131.6223011220356,20.072212744998016,1.1536385192495401e-07,1.2225590092386388e-08,974.1649917778101,475.53453331580715,-1.4444571420222378,1.2637458948599143,-1.1983852274848694,2.082346282883282,0.7448256436093748,5.090206243357499,1.9000426300970295,-3.007859960474217,-1.4738520959969026,valid,isolation,0.6666666666666667,0.6666666666666667,0.1,100.0,2.0,3,egm_isolation,0.1
399.8417475379163,67.85606385971255,249.85354384754103,64.38426786922139,149.98820360418011,21.426886229168588,8.619516991715043e-08,2.2382889151049943e-08,2503.1742921925334,655.398443024254,2065.453616015713,654.3754757355912,437.72067582444396,36.60404177730952,3.523763021203989e-07,4.878125508086134e-08,198.82544616611244,60.64943377250102,174.3375761620296,60.02830036681551,24.48786997619267,8.657769458490149,2.7890162003835033e-08,6.2106059775413676e-09,491.18650687772896,130.51408305010187,359.56420564032953,128.96135913493012,131.6223011220356,20.072212744998016,1.1536385192495401e-07,1.2225590092386388e-08,1013.2500353895396,488.2610836975329,-1.5341276683307181,1.294652187833266,-1.244352790014407,2.011018988001471,0.7019842221966788,5.096178859032967,1.9010600897133625,-3.085159871031496,-1.5223878140108271,valid,isolation,0.6742424242424243,0.6742424242424243,0.1,100.0,2.0,3,egm_isolation,0.1
399.8441948055236,67.8560639038436,249.85599111514833,64.38426791573211,149.98820360418011,21.426886229168588,8.619516991715043e-08,2.2382889151049943e-08,2509.301462193605,655.4127389478697,2065.458818521469,654.3754757459316,443.84264331849215,36.859125293936536,3.536440367569369e-07,4.8797725340150213e-08,198.82804741899014,60.649433828284856,174.3401774149073,60.02830042317656,24.48786997619267,8.657769458490149,2.7890162003835033e-08,6.2106059775413676e-09,491.9740964508119,130.51579229056395,360.35179521341246,128.96308895475934,131.6223011220356,20.072212744998016,1.1536385192495401e-07,1.2225590092386388e-08,1014.1174377124017,488.09169489835426,-1.5362815088653434,1.2943661932400723,-1.2465316820913102,2.0110049864490818,0.701971306557918,5.100474761366806,1.8988616736963644,-3.0894697749177245,-1.5260708376846943,valid,isolation,0.6818181818181819,0.6818181818181819,0.1,100.0,2.0,3,egm_isolation,0.1
399.8466420731309,67.85606394797465,249.85843838275562,64.38426796224284,149.98820360418011,21.426886229168588,8.619516991715043e-08,2.2382889151049943e-08,2518.610807264969,655.4341893952967,2065.5852123517607,654.3754829196589,453.0255945595644,37.23847448449988,3.536440367569369e-07,4.8797725340150213e-08,198.82804741899014,60.649433828284856,174.3401774149073,60.02830042317656,24.48786997619267,8.657769458490149,2.7890162003835033e-08,6.2106059775413676e-09,492.64278798169465,130.51746561353656,361.0204867442952,128.96478242411854,131.6223011220356,20.072212744998016,1.1536385192495401e-07,1.2225590092386388e-08,1016.4981224397172,488.5103478887961,-1.5422199800637624,1.295680984979934,-1.2503056846839533,2.0110172949117913,0.7019745875894627,5.112448347378535,1.898588888938961,-3.101431052466744,-1.532171996669789,valid,isolation,0.6893939393939394,0.6893939393939394,0.1,100.0,2.0,3,egm_isolation,0.1
410.26047482485967,68.32188100818915,257.21128738746035,64.8027649836014,153.04918735120418,21.64442364622537,8.619516991715043e-08,2.2382889151049943e-08,2527.31964197138,655.4760982867394,2074.2940470581716,654.4174596106636,453.0255945595644,37.23847448449988,3.536440367569369e-07,4.8797725340150213e-08,198.82804741899014,60.649433828284856,174.3401774149073,60.02830042317656,24.48786997619267,8.657769458490149,2.7890162003835033e-08,6.2106059775413676e-09,493.3062770068221,130.51913886321316,361.68397576942266,128.96647581877338,131.6223011220356,20.072212744998016,1.1536385192495401e-07,1.2225590092386388e-08,1018.6410614229452,488.8569934199045,-1.4829129880420564,1.2612800429807747,-1.2325172194429135,2.0633933700526574,0.7170977016174287,5.123226197943613,1.8981425657629636,-3.059832827890956,-1.5079886486495417,valid,isolation,0.696969696969697,0.696969696969697,0.1,100.0,2.0,3,egm_isolation,0.1
410.265677330615,68.32188110722794,257.2164898932157,64.80276508801852,153.04918735120418,21.64442364622537,8.619516991715043e-08,2.2382889151049943e-08,2531.0804641978043,655.4835792708402,2074.993885537572,654.4177939896497,456.0865783065885,37.36406834690642,3.536440367569369e-07,4.8797725340150213e-08,198.94954671406794,60.6495111302285,174.46167670998508,60.02837852498888,24.48786997619267,8.657769458490149,2.7890162003835033e-08,6.2106059775413676e-09,494.06975346366863,130.52084482860985,362.4474522262692,128.96820232248564,131.6223011220356,20.072212744998016,1.1536385192495401e-07,1.2225590092386388e-08,1019.2028706853735,488.56780720914594,-1.4842508818110143,1.2606712459043494,-1.2343610483414418,2.062159397227743,0.7163303197485229,5.1229213009978904,1.8951751158893106,-3.0607619037701475,-1.5107152118331597,valid,isolation,0.7045454545454546,0.7045454545454546,0.1,100.0,2.0,3,egm_isolation,0.1
410.3658187476045,68.32194365335995,257.3166313102052,64.80283103071665,153.04918735120418,21.64442364622537,8.619516991715043e-08,2.2382889151049943e-08,2531.2096132662446,655.4835864381946,2075.1230346060124,654.4178011686769,456.0865783065885,37.36406834690642,3.536440367569369e-07,4.8797725340150213e-08,198.99645516512192,60.64951851227006,174.5085851610391,60.02838598341475,24.48786997619267,8.657769458490149,2.7890162003835033e-08,6.2106059775413676e-09,494.73568975640336,130.52251805790905,363.11338851900393,128.96989569545573,131.6223011220356,20.072212744998016,1.1536385192495401e-07,1.2225590092386388e-08,1018.1229103723508,487.7987985051786,-1.4810129495667068,1.2584166446188514,-1.2338737176332895,2.0621765267481473,0.7161662621959968,5.116286667154648,1.8913869576744837,-3.0541101404065003,-1.5101161986481062,valid,isolation,0.7121212121212122,0.7121212121212122,0.1,100.0,2.0,3,egm_isolation,0.1
410.46075765883865,68.32200610039607,257.4115702214393,64.80289686893077,153.04918735120418,21.64442364622537,8.619516991715043e-08,2.2382889151049943e-08,2542.2895362972467,655.5323049904133,2083.1419738887225,654.4594408067718,459.14756205361255,37.48924145580756,3.549117713934749e-07,4.88141900422553e-08,198.99645516512192,60.64951851227006,174.5085851610391,60.02838598341475,24.48786997619267,8.657769458490149,2.7890162003835033e-08,6.2106059775413676e-09,494.9597777360779,130.52258674020072,363.3374764986785,128.96996520458845,131.6223011220356,20.072212744998016,1.1536385192495401e-07,1.2225590092386388e-08,1022.1166011519683,489.0330318283537,-1.4901688701786147,1.2614663697499473,-1.2387149939680198,2.062653615202589,0.7162940231270786,5.136355822538866,1.8943804659756458,-3.0737022073362774,-1.5176686340806158,valid,isolation,0.7196969696969697,0.7196969696969697,0.1,100.0,2.0,3,egm_isolation,0.1
410.46075765883865,68.32200610039607,257.4115702214393,64.80289686893077,153.04918735120418,21.64442364622537,8.619516991715043e-08,2.2382889151049943e-08,2597.1696939125177,656.4717578021491,2138.0221315039935,655.4004314668337,459.14756205361255,37.48924145580756,3.549117713934749e-07,4.88141900422553e-08,199.00930744424,60.649518784779936,174.52143744015717,60.02838625874437,24.48786997619267,8.657769458490149,2.7890162003835033e-08,6.2106059775413676e-09,495.05731790018973,130.52261945398354,363.4350166627903,128.96999831220026,131.6223011220356,20.072212744998016,1.1536385192495401e-07,1.2225590092386388e-08,1044.0426257973324,496.6383209018056,-1.5435869478784765,1.2818899163188557,-1.2638378534157106,2.062520406357601,0.7162121376412247,5.246199985344207,1.9161339968194329,-3.183679578986606,-1.5563456069902855,valid,isolation,0.7272727272727273,0.7272727272727273,0.1,100.0,2.0,3,egm_isolation,0.1
410.58225695391644,68.32207472132828,257.5330695165171,64.80296921630587,153.04918735120418,21.64442364622537,8.619516991715043e-08,2.2382889151049943e-08,2716.863394815864,666.6377342641008,2254.6548486603156,665.5757326543257,462.2085458006366,37.6139980117959,3.549117713934749e-07,4.88141900422553e-08,199.67279646936743,60.653119526034274,175.1849264652846,60.032024255750656,24.48786997619267,8.657769458490149,2.7890162003835033e-08,6.2106059775413676e-09,496.3790934446892,130.52596574790942,364.7567922072898,128.97338488984448,131.6223011220356,20.072212744998016,1.1536385192495401e-07,1.2225590092386388e-08,1092.8818695878272,514.4958572438109,-1.6617854305148207,1.3290659935378464,-1.3146113372254509,2.0562753876034656,0.712200751942145,5.4733638678491205,1.9685292323237944,-3.417088480245655,-1.6323125743179898,valid,isolation,0.7348484848484849,0.7348484848484849,0.1,100.0,2.0,3,egm_isolation,0.1
410.67704187988016,68.3221371625554,257.62785444248084,64.80303504838145,153.04918735120418,21.64442364622537,8.619516991715043e-08,2.2382889151049943e-08,2785.3863815269747,668.2484325299689,2320.1168516244024,667.181973010984,465.26952954766074,37.738342146031414,3.549117713934749e-07,4.88141900422553e-08,199.67784498985242,60.65311963118661,175.1899749857696,60.03202436199091,24.48786997619267,8.657769458490149,2.7890162003835033e-08,6.2106059775413676e-09,496.3816946975669,130.5259657738296,364.7593934601675,128.97338491607667,131.6223011220356,20.072212744998016,1.1536385192495401e-07,1.2225590092386388e-08,1120.4682929862188,524.3147289852855,-1.7283441213496102,1.354994062238488,-1.3424013145697407,2.0566980873654295,0.7122955067422669,5.611380136054456,1.9973924353705517,-3.5546820486890267,-1.676262947656881,valid,isolation,0.7424242424242424,0.7424242424242424,0.1,100.0,2.0,3,egm_isolation,0.1
411.37198582406586,68.32533981976114,258.32279838666653,64.80641161573875,153.04918735120418,21.64442364622537,8.619516991715043e-08,2.2382889151049943e-08,2785.399233806093,668.2484325547017,2320.1297039035207,667.1819730357564,465.26952954766074,37.738342146031414,3.549117713934749e-07,4.88141900422553e-08,199.71220913232924,60.653126753112446,175.22433912824638,60.03203155760065,24.48786997619267,8.657769458490149,2.7890162003835033e-08,6.2106059775413676e-09,496.3867432180519,130.52596582269206,364.76444198065246,128.97338496552734,131.6223011220356,20.072212744998016,1.1536385192495401e-07,1.2225590092386388e-08,1120.6548964071574,524.361734905052,-1.7241886541258915,1.3525887711223308,-1.3413206151417372,2.059823921688688,0.7130134703732876,5.6113489569614226,1.9973660646802487,-3.5515250352727343,-1.674603298817963,valid,isolation,0.75,0.75,0.1,100.0,2.0,3,egm_isolation,0.1
