ACounts,A_Unc,QCD_ACounts,QCDA_Unc,TTJets_ACounts,TTJetsA_Unc,DY_ACounts,DYA_Unc,BCounts,B_Unc,QCD_BCounts,QCDB_Unc,TTJets_BCounts,TTJetsB_Unc,DY_BCounts,DYB_Unc,CCounts,C_Unc,QCD_CCounts,QCDC_Unc,TTJets_CCounts,TTJetsC_Unc,DY_CCounts,DYC_Unc,DCounts,D_Unc,QCD_DCounts,QCDD_Unc,TTJets_DCounts,TTJetsD_Unc,DY_DCounts,DYD_Unc,prediction,predictionUnc,closure,closureUnc,closureSig,transfer_A_over_C,transfer_A_over_C_Unc,transfer_B_over_D,transfer_B_over_D_Unc,transfer_difference,transfer_pull,status,scan_variable,scan_cut,mJIsoCut,egmIsoCut,mJJCut,dPhiCut,pixelCut
0.18972383719783414,0.13063399992639443,0.18972383719783414,0.13063399992639443,0.0,0.0,0.0,0.0,3.8458180870298575,3.1330140089665375,0.7848343349348353,0.6679485615187547,3.0609837470240837,3.0609837470240837,5.070938546151824e-09,2.5354692730759125e-09,0.6634890251274247,0.6608928914928265,0.6634890251274247,0.6608928914928265,0.0,0.0,0.0,0.0,1.267734636537956e-09,1.2677346365379562e-09,0.0,0.0,0.0,0.0,1.267734636537956e-09,1.2677346365379562e-09,2012769880.8870249,3280167783.3362126,-10608945667.689028,18768992645.809376,-0.6136179651914455,0.2859487195909491,0.3462564113502162,3033614430.1715727,3912848015.714346,-3033614429.885624,-0.7752957481870899,valid,egm_isolation,0.0,0.75,0.0,150.0,2.0,3
3.253154851829221,3.063770998394154,0.19217110480513733,0.13065692119252992,3.0609837470240837,3.0609837470240837,0.0,0.0,22.214167836781666,8.126100649559598,0.7872816025421385,0.6679530447222434,21.426886229168588,8.098601761836372,5.070938546151824e-09,2.5354692730759125e-09,3.7244727721515085,3.1315173500351787,0.6634890251274247,0.6608928914928265,3.0609837470240837,3.0609837470240837,0.0,0.0,0.007495789360032587,0.004329521222630886,0.00749578809229795,0.0043295212226307014,0.0,0.0,1.267734636537956e-09,1.2677346365379562e-09,11037.671856848629,11961.319335576802,-3391.9131441874774,4871.310525815411,-0.9225084650324332,0.8734537881854288,1.1027311875795938,2963.5528387746867,2026.1457846326446,-2962.679384986501,-1.4622239765130842,valid,egm_isolation,0.007575757575757576,0.75,0.007575757575757576,150.0,2.0,3
27.18824008665019,10.525307169634774,8.82233760197022,7.3867693897868225,18.365902482144502,7.497848291161511,2.535469273075912e-09,1.7928475164821038e-09,66.23381216615421,14.997713562215697,11.136104705775619,7.501881437509384,55.0977074464335,12.986654187735223,1.3945081001917517e-08,4.204600123133978e-09,4.6200493078793174,3.2023690478809814,1.5590655608552337,0.9410345473363573,3.0609837470240837,3.0609837470240837,0.0,0.0,2.25525119328081,1.1525497898056902,2.255251189477606,1.1525497898056902,0.0,0.0,3.8032039096138685e-09,2.195780800998604e-09,135.68487579926438,120.82038936419457,-3.990572224124487,4.845652723200361,-0.8946111666815393,5.884837644542383,4.67212729967924,29.36870729233539,16.41621384440061,-23.483869647793007,-1.3758905141152282,valid,egm_isolation,0.015151515151515152,0.75,0.015151515151515152,150.0,2.0,3
78.80679596205415,35.068705555674924,45.135974735915084,33.567071258237945,33.67082121726492,10.152134578255039,8.874142455765693e-09,3.8032039096138685e-09,237.57296721098015,68.37223907176514,164.10935720635962,66.70751201849394,73.46360992857801,14.995696582323022,7.604250745741621e-08,2.9444638907064634e-08,25.286396905769337,11.04224343641748,22.22541315874525,10.609501336517157,3.0609837470240837,3.0609837470240837,0.0,0.0,24.261166054966125,11.002898936048322,21.200182292729227,10.568545950004081,3.0609837470240837,3.0609837470240837,1.5212815638455474e-08,4.391561601997208e-09,247.61235009759537,171.40800426519957,-2.142017729242817,2.585676839852437,-0.9648313184090155,3.1165688119082566,1.9430926240969435,9.792314461420963,5.259714878305127,-6.675745649512706,-1.1905758404047406,valid,egm_isolation,0.022727272727272728,0.75,0.022727272727272728,150.0,2.0,3
108.13748618169168,36.63740961162987,56.10076247214039,34.39500279921596,52.03672369940942,12.620759307279226,1.0141877092303648e-08,4.008928920145659e-09,345.5874755941549,77.79394687250777,226.20910934488415,75.40877224514588,119.37836613393927,19.11583737329543,1.1533149582266229e-07,3.6084446672490556e-08,26.30945497222355,11.06320408070393,23.24847122393173,10.63131520705498,3.0609837470240837,3.0609837470240837,1.267734636537956e-09,1.2677346365379562e-09,67.3708710053291,35.316581365100916,64.30988724309219,35.183679424105826,3.0609837470240837,3.0609837470240837,1.5212815638455474e-08,4.743428667271421e-09,134.95770490171665,95.64810362807562,-0.2480196245265205,0.9803759362208824,-0.26185253316775337,4.110213848818185,2.219556891460198,5.129627544325776,2.9264537222662996,-1.0194136955075903,-0.27754627800225046,valid,egm_isolation,0.030303030303030304,0.75,0.030303030303030304,150.0,2.0,3
155.79001431159395,40.08955214702289,88.44837185931583,37.43047579658673,67.34164243452985,14.357286407605137,1.7748284911531385e-08,5.070938546151825e-09,587.6786401015686,147.99275744182526,434.62945262235553,146.401417958494,153.04918735120418,21.64442364622537,1.2800884218804184e-07,3.6306456763867706e-08,38.5033780595965,13.664990326137563,32.3814105604774,12.961200469645625,6.121967494048167,4.3288847292450745,5.070938546151824e-09,2.5354692730759125e-09,76.49335738569943,35.60581147998987,67.31040611927249,35.20887596402279,9.182951241072251,5.301779370988272,2.5354692730759122e-08,5.946202518491657e-09,295.81147475702926,188.49499144713457,-0.8987832825111619,1.3048659372722329,-0.7265877506567461,4.046138862685197,1.7737402545067555,7.682740831185378,4.065934871647829,-3.636601968500181,-0.8197954478662809,valid,egm_isolation,0.03787878787878788,0.75,0.03787878787878788,150.0,2.0,3
168.29465133179042,40.88910764292651,97.892025128685,38.16304271602675,70.40262618155393,14.679962346325988,2.1551488821145254e-08,5.525927167895217e-09,671.2697039411415,152.1522356965966,478.427727737938,150.19992234685512,192.84197606251726,24.295805285509118,1.406861885534214e-07,3.652711751334035e-08,47.382872009988944,15.546285662603816,41.26090450833437,14.931435125405388,6.121967494048167,4.3288847292450745,7.606407819227737e-09,3.1053029887706838e-09,87.20070207587713,36.010656147557356,68.8347995671102,35.2214370402506,18.365902482144502,7.497848291161511,2.662242736729708e-08,6.079841733104123e-09,364.752641995358,209.39590204779347,-1.1673454213126093,1.3510648364868985,-0.9208214485122949,3.551803514491727,1.4500730256579866,7.697985084535678,3.6263527149655097,-4.146181570043951,-1.0616188132058875,valid,egm_isolation,0.045454545454545456,0.75,0.045454545454545456,150.0,2.0,3
207.20448435056795,43.38024793073471,121.49693940980664,40.24296843604776,85.70754491667435,16.197203523672744,2.4086958094221165e-08,5.8094899330525135e-09,745.5523945993871,156.19700547471683,531.2835321556054,154.08319510673616,214.26886229168585,25.61002743005544,1.52095800282263e-07,3.672457860631592e-08,54.89938821214902,17.197722153445604,48.7774207092267,16.643990034484595,6.121967494048167,4.3288847292450745,8.874142455765693e-09,3.3541105767022896e-09,88.77852426828161,36.02296108778235,70.41262175317601,35.23401760422174,18.365902482144502,7.497848291161511,3.2961100549986856e-08,6.708221153404579e-09,461.03909341769133,255.3117788462209,-1.225043993920818,1.3172896446868305,-0.9801663623554412,3.774258531804812,1.4220621959061464,8.3978912776967,3.8349525800005306,-4.623632745891889,-1.13043801651273,valid,egm_isolation,0.05303030303030303,0.75,0.05303030303030303,150.0,2.0,3
212.4561058112407,43.50329871998093,123.68757712091983,40.25938370160517,88.76852866369843,16.4839019496848,2.662242736729708e-08,6.079841733104123e-09,794.2551171869713,156.93432558172887,558.5593684950052,154.6186330631825,235.69574852085444,26.86002337052243,1.7111181983033235e-07,3.705134195196778e-08,54.909485253119,17.197722895150516,48.78751775019669,16.64399080086543,6.121967494048167,4.3288847292450745,8.874142455765693e-09,3.8032039096138685e-09,129.43060129213893,39.72143411558094,108.00371502747379,38.88707982995918,21.426886229168588,8.098601761836372,3.549656982306277e-08,6.943668573624515e-09,336.95385178621683,162.06020973597344,-0.5859927889556054,0.8290473149094401,-0.7419517024876968,3.8692059273888866,1.4478444308568963,6.13653269982306,2.239828352784149,-2.2673267724341732,-0.8501295863011589,valid,egm_isolation,0.06060606060606061,0.75,0.06060606060606061,150.0,2.0,3
223.915518304928,44.23161723369493,132.0860058650476,40.931006805620235,91.82951241072251,16.765698464017778,2.915789664037299e-08,6.3386731826897805e-09,913.3571102193457,164.47709262721074,656.2344752868013,162.0668559364876,257.12263475002305,28.05437944353484,1.8252143155917396e-07,3.72891485909387e-08,56.243959094001625,17.223102227856334,50.12199158854384,16.67021317656432,6.121967494048167,4.3288847292450745,1.1409611728841605e-08,4.204600123133978e-09,133.66406235551523,39.84507913398525,109.1761923400228,38.893101691651985,24.48786997619267,8.657769458490149,3.929977373267664e-08,7.282581038778407e-09,384.3278368179325,178.2316147308918,-0.7163966112190361,0.8651795829535042,-0.8735242627767232,3.9811478763558172,1.450757953419956,6.833228723738987,2.37980395025883,-2.85208084738317,-1.0232991136268068,valid,egm_isolation,0.06818181818181818,0.75,0.06818181818181818,150.0,2.0,3
248.06277366790238,45.7459549956739,147.0503099818788,42.23144431559518,101.01246365179476,17.584012894814563,3.422883518652481e-08,6.826959949469653e-09,1005.2218459869733,171.1624240586653,732.7942923028279,168.7088589736141,272.42755348514345,28.877262914957132,1.9900198183416737e-07,3.756825211598112e-08,60.28485750418415,17.506230510419368,51.10190625170229,16.68410147971119,9.182951241072251,5.301779370988272,1.1409611728841605e-08,4.204600123133978e-09,147.5194407833721,40.66027080160598,119.97058701832009,39.60973400774135,27.54885372321675,9.182951241072251,4.183524300575255e-08,7.500019253557343e-09,410.7909806572981,178.72494986593995,-0.6559960794732163,0.7825321440123338,-0.8820598356814656,4.114843825428056,1.4155033225928153,6.8141652425534325,2.207652537406582,-2.6993214171253763,-1.0293026937492362,valid,egm_isolation,0.07575757575757576,0.75,0.07575757575757576,150.0,2.0,3
285.41275597570046,56.33221564870138,181.3393085388496,53.42987356252348,104.07344739881884,17.848448979800747,3.8032039096138685e-08,7.171390065928415e-09,1042.4029191998027,171.67048814234536,748.548479275079,169.03039027072842,293.85443971431204,29.991393164646045,2.1041159356300898e-07,3.776026915989904e-08,61.00911707036163,17.518749752456507,51.82616581787977,16.69723714841944,9.182951241072251,5.301779370988272,1.1409611728841605e-08,4.204600123133978e-09,160.14767461249374,41.44900358616803,129.53783709281126,40.30289919212654,30.609837470240837,9.679680521352758,4.944165082498029e-08,8.11746237784931e-09,397.1089925959256,166.86295408638645,-0.3913498408239846,0.6459200163466472,-0.634222577543186,4.67819843461322,1.6300704506362782,6.509010647342118,1.9967745627820395,-1.8308122127288975,-0.7102662844778852,valid,egm_isolation,0.08333333333333334,0.75,0.08333333333333334,150.0,2.0,3
323.3679458222056,65.22556060983713,216.23351463452744,62.66128792471028,107.13443114584292,18.10902406216569,4.183524300575255e-08,7.500019253557343e-09,1259.1220520176844,212.70944889926616,956.0846608392111,210.51773588601628,303.0373909553843,30.456403734765114,2.2308893992838854e-07,3.7972482643551273e-08,61.14316067401673,17.51901826683765,51.96020942153486,16.69751887362774,9.182951241072251,5.301779370988272,1.1409611728841605e-08,4.204600123133978e-09,177.4316776140362,41.935484069855875,134.57790510245417,40.341171564290214,42.853772458337176,11.453152447847641,5.324485473459416e-08,8.409200246267956e-09,433.89491081847655,177.0457591975742,-0.3417993849552452,0.6107486684220509,-0.5857952428151729,5.2887018312029035,1.8531751979466653,7.096376864319735,2.0616037829141143,-1.8076750331168316,-0.6520988633586385,valid,egm_isolation,0.09090909090909091,0.75,0.09090909090909091,150.0,2.0,3
343.5260541943112,66.13030662974361,233.3306392570735,63.528820868644104,110.195414892867,18.365902482144502,4.4370712278828464e-08,7.711328745494311e-09,1360.5035760949345,218.14353926555137,1045.222249894147,215.92019986293073,315.2813259434806,31.065592131057098,2.573069897474828e-07,4.3250218091617536e-08,65.03895041825402,17.796985203886653,52.79501541621261,16.71090052478256,12.243934988096335,6.121967494048167,1.3945081001917517e-08,4.570882235719305e-09,301.5543505924781,123.5070401286223,258.70057807582515,122.97485214603626,42.853772458337176,11.453152447847641,5.831579328074598e-08,8.783123203994417e-09,293.4320942664022,151.99997232374375,0.1458228839305853,0.4720358949651963,0.3022031975016027,5.281851136667424,1.767128752741155,4.5116363714265395,1.9843766297068806,0.7702147652408842,0.289863996781208,valid,egm_isolation,0.09848484848484848,0.75,0.09848484848484848,150.0,2.0,3
383.7461419034678,67.95934017099353,264.3677757238901,65.21546348830572,119.37836613393927,19.11583737329543,4.563844691536642e-08,7.814841145523362e-09,1422.2303840743298,218.99581956713234,1091.6441391257442,216.6731406195264,330.586244678601,31.810676225929633,2.6998433611286237e-07,4.3435617597304413e-08,68.16850846622897,18.05835072584667,52.86358971589574,16.710952200277486,15.304918735120419,6.844567736367871,1.5212815638455474e-08,4.743428667271421e-09,305.40016869091755,123.54677145969254,259.48541241076,122.97666614289197,45.91475620536126,11.855139075235854,7.47963435557394e-08,9.901324034156213e-09,317.45668115795746,161.1039059674888,0.1727430024877894,0.4446470454687777,0.37911928883578144,5.629375653621314,1.7938062364293883,4.656940401083106,2.0157781456977797,0.9724352525382081,0.36038119957180303,valid,egm_isolation,0.10606060606060606,0.75,0.10606060606060606,150.0,2.0,3
399.6187231788887,68.75377070372222,280.24035699550774,66.04290838157972,119.37836613393927,19.11583737329543,4.944165082498029e-08,8.11746237784931e-09,1730.4989882390403,275.98254617351836,1387.668808285878,274.0747492646287,342.8301796666974,32.39440704734549,2.864648863878558e-07,4.3675460392216535e-08,68.93443219321827,18.070676857996602,53.62951344034957,16.724271422349194,15.304918735120419,6.844567736367871,1.7748284911531385e-08,5.070938546151825e-09,305.5216679897985,123.54680940743756,259.6069117058377,122.97670426655823,45.91475620536126,11.855139075235854,7.859954746535328e-08,1.0299124874121565e-08,390.4500978607518,198.1996202039062,0.022943432793144147,0.5236850132144206,0.04370465538654192,5.797084424497558,1.8177312327566384,5.6640794076079155,2.4621318311008844,0.1330050168896424,0.0434595656962743,valid,egm_isolation,0.11363636363636365,0.75,0.11363636363636365,150.0,2.0,3
417.6739805553373,69.35520795570105,289.1126631258132,66.45766146651282,128.56131737501153,19.83744194650397,5.451258937113211e-08,8.504222474189575e-09,1795.524306745177,278.25796985792556,1443.5111755369974,276.3150218808353,352.0131309077696,32.82539371352222,3.004099673897733e-07,4.3877380307711325e-08,79.35820800191439,19.747997286447532,60.992305500753865,18.269254714636432,18.365902482144502,7.497848291161511,1.9016019548069342e-08,5.227003811700007e-09,306.3459149940338,123.54861855451183,260.43115870373435,122.97852180049604,45.91475620536126,11.855139075235854,8.493822064804306e-08,1.0682121920112113e-08,465.12646140540807,231.90657972655384,-0.11361129268090431,0.5852164339168467,-0.19603976995011912,5.263147833999246,1.5745297792181274,5.861100862990601,2.532278694560141,-0.5979530289913555,-0.2005291968415633,valid,egm_isolation,0.12121212121212122,0.75,0.12121212121212122,150.0,2.0,3
443.55193925664014,70.58436774498826,311.92963807628877,67.67022421626277,131.6223011220356,20.072212744998016,5.831579328074598e-08,8.783123203994417e-09,1810.1750785478312,278.37667154961974,1455.1009635470107,276.4176100922255,355.07411465479373,32.9678038993696,3.4602684357027856e-07,5.247513350556324e-08,112.11373335801811,38.21450579300371,93.74783085685759,37.47173233260294,18.365902482144502,7.497848291161511,1.9016019548069342e-08,5.227003811700007e-09,311.58678169070356,123.59190171753579,262.61104164577364,122.98391856728382,48.97573995238534,12.243934988096335,9.25446284672708e-08,1.1124326288284061e-08,651.328933103121,355.05816895281805,-0.4684389255398129,0.8338990158120217,-0.573959837243918,3.9562676754347716,1.4882391508296924,5.80953745446333,2.471501911467498,-1.8532697790285582,-0.6423830401376933,valid,egm_isolation,0.12878787878787878,0.75,0.12878787878787878,150.0,2.0,3
477.6026797772028,77.80353930123097,345.9803785930482,75.16978783605639,131.6223011220356,20.072212744998016,6.211899719035985e-08,9.053436173220597e-09,1816.7015671158947,278.3974407243955,1458.5664683515695,276.42157890882265,358.1350984018178,33.10960155977168,3.62507393845272e-07,5.267383222093775e-08,112.1769511679432,38.21452820307827,93.81104866551495,37.47175518689498,18.365902482144502,7.497848291161511,2.0283754184607296e-08,5.378542549446311e-09,322.433490856324,123.84840733513818,270.3967670631022,123.2036705376834,52.03672369940942,12.620759307279226,9.381236310380874e-08,1.1196329151864278e-08,632.0436578714309,338.64308304483984,-0.32336706771886914,0.7410967108381988,-0.44447812852742813,4.257582995478017,1.6077044092167108,5.6343451242954625,2.3300615696092803,-1.3767621288174459,-0.48633658543144836,valid,egm_isolation,0.13636363636363635,0.75,0.13636363636363635,150.0,2.0,3
603.1655225944398,139.82018359614764,471.5432214102853,138.37192640264848,131.6223011220356,20.072212744998016,6.211899719035985e-08,9.053436173220597e-09,1842.547958699891,278.7061827118706,1481.3518761847386,276.7155957745718,361.19608214884187,33.250794531054154,3.6631059775488587e-07,5.271957941946743e-08,112.20871405754228,38.21453941828211,93.84281155511403,37.471766624408886,18.365902482144502,7.497848291161511,2.0283754184607296e-08,5.378542549446311e-09,438.4997972021582,169.64471724433673,386.46307340259773,169.1746036597062,52.03672369940942,12.620759307279226,1.0015103628649854e-07,1.1549612202159689e-08,471.493803085496,253.2663706160731,0.21830113721118327,0.4573267115633797,0.45514161147947013,5.375389314996763,2.214515408704078,4.201935714580126,1.7454601963550298,1.1734536004166367,0.4161625260785266,valid,egm_isolation,0.14393939393939395,0.75,0.14393939393939395,150.0,2.0,3
613.1412659143505,139.92225977919614,472.3360134891236,138.37353862909538,140.80525236310785,20.760601845300574,6.211899719035985e-08,9.053436173220597e-09,1895.2721765715853,280.8314939111883,1531.0151102967313,278.8392781046886,364.25706589586594,33.39139048386465,3.7898794412026543e-07,5.287178420719613e-08,145.71272429811108,50.310648642402064,127.34682179187963,49.74880539090319,18.365902482144502,7.497848291161511,2.4086958094221165e-08,5.8094899330525135e-09,558.1882956035524,205.49946478837398,503.09058805316465,205.0887048116408,55.0977074464335,12.986654187735223,1.039542401961124e-07,1.1892405036983315e-08,494.7528894994959,260.25448136153113,0.19308499198517848,0.4626829395396009,0.4006595455770898,4.207877306994382,1.741528195893682,3.395399350898757,1.3474791286295964,0.8124779560956248,0.36897971562922677,valid,egm_isolation,0.15151515151515152,0.75,0.15151515151515152,150.0,2.0,3
618.2876556492586,139.96044896494203,474.4214194757399,138.3783041664751,143.86623611013192,20.985047307038485,6.338673182689781e-08,9.14176447143861e-09,1972.0355893036126,284.72960138252665,1604.7175392703248,282.7482826181391,367.31804964289006,33.531396928035555,3.9039755584910704e-07,5.300839485619628e-08,145.7228213390811,50.31064889593954,127.35691883284963,49.74880564730403,18.365902482144502,7.497848291161511,2.4086958094221165e-08,5.8094899330525135e-09,562.102492216705,205.5233648383163,503.94380091548993,205.08981126806933,58.15869119345759,13.342518821098452,1.0775744410572627e-07,1.2093417667876196e-08,511.24233361984653,267.47851524191003,0.17313190883134266,0.4713681454753202,0.3545914268034526,4.2429020380450275,1.7516518373484684,3.5083203092138975,1.3791505794873054,0.73458172883113,0.3294936520603476,valid,egm_isolation,0.1590909090909091,0.75,0.1590909090909091,150.0,2.0,3
652.615871099434,143.7365319373201,508.74963492337986,142.19640784101966,143.86623611013192,20.985047307038485,6.592220109997371e-08,9.315908966312052e-09,2153.54009346657,310.88997470055176,1786.2220434282115,309.0764012171816,367.31804964289006,33.531396928035555,3.9546849439525884e-07,5.3068997820433055e-08,145.73047111244378,50.310649089955646,127.36456860621232,49.74880584351127,18.365902482144502,7.497848291161511,2.4086958094221165e-08,5.8094899330525135e-09,692.8509993967937,236.19670515559795,634.69230808924,235.8195511781606,58.15869119345759,13.342518821098452,1.1409611728841605e-07,1.2549932615374725e-08,452.96378680791406,229.29156351721298,0.3059258794230282,0.3831578140008507,0.7377599301534048,4.47823894424855,1.8338536132433896,3.108229756962859,1.1507043497084102,1.3700091872856905,0.6328044672872275,valid,egm_isolation,0.16666666666666669,0.75,0.16666666666666669,150.0,2.0,3
805.7476509797631,187.5678363333657,658.8204310566848,186.36510240600862,146.92721985715602,21.207117483953088,6.592220109997371e-08,9.315908966312052e-09,2288.848427278697,331.98171732476993,1918.4693934768338,330.26979340602503,370.3790333899141,33.67082121726492,4.119490446702523e-07,5.326548126205134e-08,146.39396014010666,50.314989727383235,128.02805763133975,49.75319549807235,18.365902482144502,7.497848291161511,2.662242736729708e-08,6.079841733104123e-09,693.0460797326238,236.19674131095212,634.8873884174636,235.8195873913392,58.15869119345759,13.342518821098452,1.217025251076438e-07,1.292840729952899e-08,483.47951922483173,244.29616811562462,0.39996161498338056,0.3338206205324173,1.046334417933975,5.503967856383013,2.2847549441835033,3.3025919837274476,1.2232466988825115,2.2013758726555652,0.8494243544420469,valid,egm_isolation,0.17424242424242425,0.75,0.17424242424242425,150.0,2.0,3
940.2471913133115,220.77257642928654,790.258987639406,219.73033256641523,149.98820360418011,21.426886229168588,6.972540500958759e-08,9.571186613719709e-09,2340.0950061911453,333.7666378513547,1966.6549886067723,332.0498075886399,373.4400171369382,33.809670553623604,4.474348291258845e-07,5.71619678811384e-08,146.70533725765264,50.31525249792772,128.33943474888574,49.75346123570649,18.365902482144502,7.497848291161511,2.662242736729708e-08,6.079841733104123e-09,708.4203152914487,236.42644982119592,650.2616239724854,236.0496629240616,58.15869119345759,13.342518821098452,1.2550572901725764e-07,1.3113549047780638e-08,484.60556492791017,241.98809294888878,0.48459770004627567,0.28439904317623593,1.3909964653165425,6.409086464673016,2.6638944600824193,3.3032579044947563,1.1988775065800454,3.1058285601782596,1.0631885619067856,valid,egm_isolation,0.18181818181818182,0.75,0.18181818181818182,150.0,2.0,3
955.6215808561392,221.0183161485586,805.6333771796982,219.97723659430415,149.98820360418011,21.426886229168588,7.226087428266349e-08,9.901324034156213e-09,2470.294723525645,353.4321873160096,2090.7327384408854,351.7847039952636,379.5619846309864,34.085672443765205,4.537735023085742e-07,5.7232214072038916e-08,147.5243817497939,50.319694478084315,129.15847924102698,49.75795336798405,18.365902482144502,7.497848291161511,2.662242736729708e-08,6.079841733104123e-09,709.3636143193512,236.42741502981443,651.2049229978525,236.0506296733579,58.15869119345759,13.342518821098452,1.2804119829033357e-07,1.323553817741857e-08,513.7403363683596,255.78937305028506,0.4624019102748801,0.2951370089551758,1.3071504720956426,6.477719611642937,2.669548805232332,3.4824096889941885,1.2630900696161318,2.9953099226487483,1.0142301781068186,valid,egm_isolation,0.1893939393939394,0.75,0.1893939393939394,150.0,2.0,3
991.6206259789133,223.44763994921428,838.5714385554483,222.3968676126002,153.04918735120418,21.64442364622537,7.226087428266349e-08,9.901324034156213e-09,2680.1551267516043,375.05956921429265,2297.532157917285,373.4949501288707,382.62296837801046,34.222838681839356,4.5630897158165023e-07,5.7260288418807715e-08,150.59316925545107,50.412709649123634,129.16628299966007,49.75795357196701,21.426886229168588,8.098601761836372,2.662242736729708e-08,6.079841733104123e-09,744.218561741141,238.68306876953795,686.059870415839,238.3098497938191,58.15869119345759,13.342518821098452,1.3184440219994742e-07,1.3416442306809158e-08,542.3313464387315,262.6289195784414,0.4530858553861261,0.2921172624778196,1.3029568105276566,6.584764972286545,2.6571881409724694,3.601301102301495,1.2601572031450539,2.98346386998505,1.0144876104314726,valid,egm_isolation,0.19696969696969696,0.75,0.19696969696969696,150.0,2.0,3
999.0710151515331,223.56860407296878,846.0218277242648,222.51840295166284,153.04918735120418,21.64442364622537,7.606407819227737e-08,1.014187709230365e-08,2683.3213004424415,375.07207126098933,2297.6373478547594,373.4949615872561,385.6839521250345,34.35945734354292,4.6264764476433993e-07,5.733041413899288e-08,184.1211386231827,60.102017228231716,162.6942523673917,59.55388420922554,21.426886229168588,8.098601761836372,2.662242736729708e-08,6.079841733104123e-09,744.4035868230233,238.68309200323208,686.2448954901149,238.3098730638997,58.15869119345759,13.342518821098452,1.3945081001917518e-07,1.3771123077803302e-08,663.6939717577691,317.5346076374346,0.3356888932894285,0.35087717142859554,0.8636079053459462,5.426161399078704,2.14748638361075,3.604659284212157,1.2608377732127385,1.8215021148665467,0.7314497051295209,valid,egm_isolation,0.20454545454545456,0.75,0.20454545454545456,150.0,2.0,3
1019.2239210178832,223.83423422631134,863.1137498410553,222.76425591912718,156.11017109822828,21.859796350305405,7.859954746535328e-08,1.0299124874121565e-08,2750.360734056883,377.9162422368464,2364.6767814603268,376.35105133037166,385.6839521250345,34.35945734354292,4.7152178722010564e-07,5.742844628848304e-08,184.88446110109757,60.10572185162235,163.45757483896787,59.55762292778124,21.426886229168588,8.098601761836372,3.2961100549986856e-08,6.708221153404579e-09,747.5911183906812,238.7027386083426,686.3714433056778,238.30989276387965,61.219674940481674,13.689135472735742,1.4452174856532698e-07,1.40025867345544e-08,680.1832574527606,323.72686887183335,0.3326459049612257,0.34980377459545414,0.8614397123467746,5.512761402163249,2.1627938305610064,3.678963896705339,1.2788316831831164,1.8337975054579099,0.7298447172510909,valid,egm_isolation,0.21212121212121213,0.75,0.21212121212121213,150.0,2.0,3
1060.644127870027,226.3339730948589,904.5339566906637,225.27586794955977,156.11017109822828,21.859796350305405,8.113501673842919e-08,1.0454007623400014e-08,2834.318880858211,380.89283565999995,2445.573944505756,379.3275765439068,388.74493587205865,34.49553493486209,4.803959296758713e-07,5.7526311378967515e-08,300.9167112699248,130.58942922911467,279.4898250065274,130.33806687184344,21.426886229168588,8.098601761836372,3.422883518652481e-08,6.826959949469653e-09,747.8785363797966,238.70279224365652,686.6588612922577,238.30994648760955,61.219674940481674,13.689135472735742,1.470572178384029e-07,1.4116895461682603e-08,1140.4176946254543,633.1761339561066,-0.0752123777045064,0.6395474859846392,-0.11863777283466005,3.5247099551032255,1.7045471532183436,3.7898117715452835,1.3124525799027762,-0.265101816442058,-0.12322971074311842,valid,egm_isolation,0.2196969696969697,0.75,0.2196969696969697,150.0,2.0,3
1104.0489887799226,228.82500994780156,944.8778338535353,227.7579084458652,159.17115484525235,22.07306770651445,8.113501673842919e-08,1.0454007623400014e-08,2875.181946253601,382.3215490690482,2480.3150424020273,380.73755489722214,394.8669033661068,34.76609229466813,4.854668682220232e-07,5.758215960959297e-08,308.3278835480723,130.79627332486982,286.9009972846749,130.54530924233637,21.426886229168588,8.098601761836372,3.422883518652481e-08,6.826959949469653e-09,747.9179490452939,238.70279408001903,686.6982739552195,238.30994832699926,61.219674940481674,13.689135472735742,1.495926871114788e-07,1.423028600181426e-08,1185.288794627275,648.666145425985,-0.07358351547165487,0.6282571501672286,-0.11810798266375348,3.580762712976581,1.6906060030148633,3.8442478214672184,1.3291462209685025,-0.26348510849063755,-0.12252102293859439,valid,egm_isolation,0.2272727272727273,0.75,0.2272727272727273,150.0,2.0,3
1111.4969724706896,228.94311987221369,952.3258175417668,227.87657145666913,159.17115484525235,22.07306770651445,8.36704860115051e-08,1.060662894644013e-08,3034.475768369687,399.8656686194944,2636.5478807609475,398.33968186156693,397.9278871131309,34.90058444984737,4.956087453143269e-07,5.7693693885675786e-08,308.42022120642866,130.79630591846697,286.99333494303124,130.5453418985924,21.426886229168588,8.098601761836372,3.422883518652481e-08,6.826959949469653e-09,749.3345095170248,238.7046417209671,688.1148344256827,238.31179901369623,61.219674940481674,13.689135472735742,1.508604217480168e-07,1.4286643790691672e-08,1248.9664840464193,682.5917997419044,-0.12367960955409152,0.6562871489152055,-0.19093972696898834,3.603839489262132,1.699066029608783,4.049560950189688,1.396024461244047,-0.4457214609275564,-0.20269051965139676,valid,egm_isolation,0.23484848484848486,0.75,0.23484848484848486,150.0,2.0,3
1126.96094443119,229.18011743046355,967.7897895022672,228.11467709786822,159.17115484525235,22.07306770651445,8.36704860115051e-08,1.060662894644013e-08,3038.85852767262,399.878476674239,2637.869656305447,398.3407783429527,400.988870860155,35.03456031464465,5.070183570431685e-07,5.781891277213855e-08,315.7808739723019,131.00281695712783,294.353987706369,130.75224931222377,21.426886229168588,8.098601761836372,3.676430445960073e-08,7.0584477308413024e-09,753.8122077210501,238.72611436317453,689.5315488814163,238.31364968765226,64.28065868750576,14.02718972176742,1.5212815638455474e-07,1.434278013185683e-08,1273.013877883163,685.1992221411605,-0.12959893080029516,0.6499547878832497,-0.20214643606017654,3.568806844616052,1.6488476311720233,4.031320395911068,1.3825088288997998,-0.46251355129501626,-0.21494759885596137,valid,egm_isolation,0.24242424242424243,0.75,0.24242424242424243,150.0,2.0,3
1149.9310275848754,229.53469222833635,990.7598726521494,228.4709054089398,159.17115484525235,22.07306770651445,8.747368992111896e-08,1.0831529482649056e-08,3095.6821317203103,401.41831733501857,2694.6932603467985,399.8865402531538,400.988870860155,35.03456031464465,5.133570302258582e-07,5.788836178106577e-08,316.71392197269637,131.00455880250777,295.2870357054957,130.7539944955522,21.426886229168588,8.098601761836372,3.8032039096138685e-08,7.171390065928415e-09,754.4730954971033,238.7270291600576,690.192436653666,238.31456606782672,64.28065868750576,14.02718972176742,1.559313602941686e-07,1.4509886120739237e-08,1299.510393371875,697.425191920333,-0.13007681521660586,0.6470829958155402,-0.2037238268910452,3.630819322442068,1.6675644670109637,4.103104736532247,1.4030771627571796,-0.4722854140901789,-0.21671317086329508,valid,egm_isolation,0.25,0.75,0.25,150.0,2.0,3
1172.2691888282043,229.88778498935307,1013.0980338942104,228.82563966770562,159.17115484525235,22.07306770651445,8.874142455765693e-08,1.090546569579556e-08,3252.0375020601114,406.9183070778735,2851.0486306777257,405.40731150126305,400.988870860155,35.03456031464465,5.222311726816239e-07,5.798545065321388e-08,316.72432698420715,131.00455890580977,295.2974407170065,130.75399459905216,21.426886229168588,8.098601761836372,3.8032039096138685e-08,7.171390065928415e-09,759.04557862836,238.748517657437,691.7039360353633,238.31643462135276,67.34164243452985,14.357286407605137,1.5846682956724452e-07,1.462022904930621e-08,1356.9664565185408,725.2792907845461,-0.15755533750312,0.6590264687571906,-0.24275421651626705,3.701228762534105,1.6942629965356628,4.2843771093914205,1.4503159709411224,-0.5831483468573153,-0.2614740683164239,valid,egm_isolation,0.25757575757575757,0.75,0.25757575757575757,150.0,2.0,3
1172.3056922715505,229.88778687803196,1013.1345373337535,228.82564156515124,159.17115484525235,22.07306770651445,9.25446284672708e-08,1.1124326288284061e-08,3307.1618159255854,408.3878465068982,2900.0509770174685,406.8592797455925,407.1108383542031,35.300986663825206,5.539137532276422e-07,6.154486259710574e-08,316.76098441155625,131.00456222304473,295.33409814182016,130.75399792264395,21.426886229168588,8.098601761836372,4.056750836921459e-08,7.3920996810820134e-09,766.4301905239315,238.86171716974042,699.0885479296671,238.42983927412914,67.34164243452985,14.357286407605137,1.5973456420378247e-07,1.4784199362164027e-08,1366.8300719009685,727.6649251416633,-0.16593315285579857,0.661482835813097,-0.2549083128319288,3.700915674477181,1.693949963560101,4.315020280796625,1.446513854177692,-0.6141046063194437,-0.27568917658220077,valid,egm_isolation,0.26515151515151514,0.75,0.26515151515151514,150.0,2.0,3
1176.785991730989,229.91008299387434,1014.5538530423648,228.82756897448846,162.23213859227644,22.28429804763697,9.634783237688466e-08,1.1338963298919434e-08,3348.618988174351,409.76326947454373,2941.508149262431,408.23985272267083,407.1108383542031,35.300986663825206,5.577169571372562e-07,6.158402037397898e-08,316.76358566443395,131.0045622488702,295.33669939469786,130.75399794851893,21.426886229168588,8.098601761836372,4.056750836921459e-08,7.3920996810820134e-09,781.1968130634644,239.08795539260788,713.8551704653969,238.65648690288654,67.34164243452985,14.357286407605137,1.6353776811339635e-07,1.494637093431865e-08,1357.8147529282653,718.0830186725218,-0.15383320541655388,0.6505146642348466,-0.24009417934163865,3.7150292678452845,1.6992421028500768,4.2865241283342375,1.4128801196723895,-0.5714948604889529,-0.25860676847532404,valid,egm_isolation,0.2727272727272727,0.75,0.2727272727272727,150.0,2.0,3
1209.5392238072916,232.22620720585445,1047.307085116132,231.15454002407247,162.23213859227644,22.28429804763697,9.888330164996057e-08,1.1479825386807847e-08,4051.2218856487343,720.7381780072802,3641.0500629796484,719.8666487317737,410.17182210122724,35.43344861764249,5.678588342295598e-07,6.168831959368064e-08,327.9433421418843,131.2481415913082,303.4554721238564,130.96227586284428,24.48786997619267,8.657769458490149,4.183524300575255e-08,7.500019253557343e-09,781.384089638126,239.0879910682895,714.0424470349875,238.65652264306644,67.34164243452985,14.357286407605137,1.6860870665954815e-07,1.5159901336781762e-08,1700.279366519069,908.412781204307,-0.40572486865458113,0.7980625639008024,-0.5233857268700775,3.6882566845463995,1.6371667521142754,5.184674143448368,1.8350707552070014,-1.4964174589019685,-0.6084908733840867,valid,egm_isolation,0.28030303030303033,0.75,0.28030303030303033,150.0,2.0,3
1217.7402371538365,232.34355926860283,1055.5080984626768,231.27243587191026,162.23213859227644,22.28429804763697,9.888330164996057e-08,1.1479825386807847e-08,4075.3923990421827,720.8516033953161,3665.2205763642223,719.9802114201883,410.17182210122724,35.43344861764249,5.767329766853255e-07,6.177943696775512e-08,327.9433421418843,131.2481415913082,303.4554721238564,130.96227586284428,24.48786997619267,8.657769458490149,4.183524300575255e-08,7.500019253557343e-09,782.166476707989,239.088924089683,714.824834102315,238.65745735126777,67.34164243452985,14.357286407605137,1.7114417593262408e-07,1.526554652668267e-08,1708.7127148514803,912.0370385163573,-0.4031832592188702,0.7953717101449159,-0.5216635753225092,3.7132640937317234,1.6463501254784596,5.210390013382885,1.8401129175223647,-1.497125919651162,-0.6063433236977279,valid,egm_isolation,0.2878787878787879,0.75,0.2878787878787879,150.0,2.0,3
1250.5594004886543,234.63567986978242,1088.3272617962268,233.57506786572728,162.23213859227644,22.28429804763697,1.0015103628649854e-07,1.1549612202159689e-08,4084.169612284857,720.8897145915671,3673.997789598023,720.0183687399732,410.17182210122724,35.43344861764249,5.856071191410912e-07,6.187042015223086e-08,328.7307777309646,131.24984126931142,304.2429077116689,130.96397925087294,24.48786997619267,8.657769458490149,4.310297764229051e-08,7.606407819227737e-09,782.2614156217585,239.0889419345275,714.919773013549,238.6574752283738,67.34164243452985,14.357286407605137,1.7367964520569998e-07,1.537046560699023e-08,1716.2961463009797,914.610858873727,-0.3724227298841938,0.7753682036008434,-0.4932459521080712,3.804205402124289,1.6782257680831787,5.220977963023613,1.8427157233271454,-1.4167725608993242,-0.5684377499445434,valid,egm_isolation,0.29545454545454547,0.75,0.29545454545454547,150.0,2.0,3
1260.2036886747765,234.75370797983268,1097.971549982349,233.69363164366428,162.23213859227644,22.28429804763697,1.0015103628649854e-07,1.1549612202159689e-08,4359.930468893084,740.0662196651849,3946.6976624478157,739.2111407352293,413.2328058482513,35.56541722570756,5.970167308699328e-07,6.198720230653806e-08,329.52066058891984,131.25154094811958,305.03279056708874,130.9656826396119,24.48786997619267,8.657769458490149,4.563844691536642e-08,7.814841145523362e-09,783.0146410561679,239.0898731737974,715.6729984441552,238.65840815121624,67.34164243452985,14.357286407605137,1.7748284911531386e-07,1.552651494385342e-08,1834.8152038300782,972.1051281191201,-0.455967174449045,0.8176791554616297,-0.5745834521718787,3.824354097926784,1.6816393109196088,5.568134030051086,1.9452509553974942,-1.7437799321243017,-0.678153708898653,valid,egm_isolation,0.30303030303030304,0.75,0.30303030303030304,150.0,2.0,3
1268.3148116343757,234.86977904875894,1106.082672938145,233.81022896985692,162.23213859227644,22.28429804763697,1.039542401961124e-07,1.1756487372778913e-08,4401.379837384485,740.8261019329325,3988.1470309341457,739.9719010899705,413.2328058482513,35.56541722570756,6.020876694160846e-07,6.203903492339632e-08,329.5206605914553,131.25154094811958,305.03279056708874,130.9656826396119,24.48786997619267,8.657769458490149,4.817391618844233e-08,8.017857840291318e-09,783.0488512133743,239.08987497888575,715.7072086013616,238.65840995956796,67.34164243452985,14.357286407605137,1.7748284911531386e-07,1.552651494385342e-08,1852.1776633494355,980.4467629872415,-0.4603453703758946,0.818968676483059,-0.5791219704057292,3.8489690126193685,1.690673990080236,5.620824078298973,1.9597111981594757,-1.7718550656796048,-0.6845862636982623,valid,egm_isolation,0.3106060606060606,0.75,0.3106060606060606,150.0,2.0,3
1273.3928228418931,234.89251566150207,1108.0997003973707,233.81303289768417,165.2931223393005,22.493544873484534,1.0522197483265035e-07,1.1824641493719294e-08,4476.117479010635,742.2884573714357,4053.7017213141526,741.4169853597424,422.41575708932356,35.95841719176879,6.071586079622364e-07,6.209082427107166e-08,329.6789712966172,131.25157998219802,305.19110127225065,130.96572175888988,24.48786997619267,8.657769458490149,4.817391618844233e-08,8.017857840291318e-09,826.9375325651474,241.45022638397234,756.5349062061106,241.0035487837927,70.40262618155393,14.679962346325988,1.7748284911531386e-07,1.552651494385342e-08,1784.5142441479122,929.4093361782755,-0.4013855050363204,0.7742941909832338,-0.5331776656212169,3.862523647879871,1.6947864298771997,5.412884652998865,1.8175822609818477,-1.5503610051189938,-0.6238533142084113,valid,egm_isolation,0.3181818181818182,0.75,0.3181818181818182,150.0,2.0,3
1273.4058291062815,234.89251573351925,1108.1127066617591,233.81303297003382,165.2931223393005,22.493544873484534,1.0522197483265035e-07,1.1824641493719294e-08,4487.890052711091,742.3317737863892,4062.4133112587106,741.4540343031455,425.47674083634763,36.08846614137041,6.160327504180021e-07,6.218135183816645e-08,337.03931608941417,131.4573758107702,312.5514460650476,131.17196607148077,24.48786997619267,8.657769458490149,4.817391618844233e-08,8.017857840291318e-09,827.0959972568473,241.45024760437977,756.6933708965428,241.00357004353015,70.40262618155393,14.679962346325988,1.787505837518518e-07,1.5578184021585494e-08,1828.8027013392834,940.9149451476744,-0.43615072236853036,0.7849499675409695,-0.5726972336793763,3.778211527015014,1.6301281129375769,5.42608121378372,1.8206107846177708,-1.6478696867687064,-0.6743185390261702,valid,egm_isolation,0.32575757575757575,0.75,0.32575757575757575,150.0,2.0,3
1314.1675954525151,237.27486201911128,1148.8744730067249,236.2062670320431,165.2931223393005,22.493544873484534,1.0648970946918832e-07,1.1892405036983315e-08,4649.15411765935,752.0854216635083,4220.616392453607,751.2128423215626,428.5377245833717,36.21804812433138,6.223714236006918e-07,6.22459337785629e-08,337.1341010153779,131.45740826323308,312.64623099101135,131.17199859455513,24.48786997619267,8.657769458490149,4.817391618844233e-08,8.017857840291318e-09,829.1786480116543,241.45297871826747,758.7760216450112,241.00630621922443,70.40262618155393,14.679962346325988,1.850892569345416e-07,1.5834000535359715e-08,1890.2903465948839,969.4188070347315,-0.4383936669386441,0.782048356095015,-0.5772575473935176,3.898055970886704,1.6749908050095856,5.606939021895804,1.8677394734251798,-1.7088830510090998,-0.6811573116040733,valid,egm_isolation,0.33333333333333337,0.75,0.33333333333333337,150.0,2.0,3
1325.3346536348502,237.4094342166387,1156.9805474420357,236.3216246402125,168.3541060863246,22.700863033704422,1.0648970946918832e-07,1.1892405036983315e-08,4667.681674627359,752.1638286940295,4236.082965666985,751.2851047134006,431.5987083303958,36.347168135027104,6.299778314199196e-07,6.232334376954838e-08,337.23164118075744,131.4574407443813,312.7437711551231,131.17203114637724,24.48786997619267,8.657769458490149,4.944165082498029e-08,8.11746237784931e-09,829.2078096534467,241.45298047927506,758.8051832817325,241.00630798349582,70.40262618155393,14.679962346325988,1.9016019548069342e-07,1.6035715680582636e-08,1898.3057483525085,972.981918149044,-0.4323218238851849,0.7776841828456952,-0.5720972962850317,3.9300424153392703,1.6859960452289102,5.629085520284882,1.873359461874845,-1.6990431049456114,-0.6741354385186614,valid,egm_isolation,0.34090909090909094,0.75,0.34090909090909094,150.0,2.0,3
1332.8381635738895,237.52329163809546,1164.4840573785395,236.43600590460147,168.3541060863246,22.700863033704422,1.0902517874226422e-07,1.2026786760436976e-08,4670.391352757308,752.1649912135988,4238.79264378806,751.2862685926831,431.5987083303958,36.347168135027104,6.388519738756853e-07,6.24135340801821e-08,337.2634040716242,131.4574440046287,312.7755340447222,131.17203441371842,24.48786997619267,8.657769458490149,5.0709385461518244e-08,8.215859453792828e-09,844.5743954401767,241.67769307891174,774.1717690633916,241.23143666913546,70.40262618155393,14.679962346325988,1.9523113402684525e-07,1.623492475569862e-08,1865.02467335239,950.5162020178684,-0.39928816890378394,0.7554924266504429,-0.5431893366730449,3.9519205092611713,1.6937299798340901,5.529875613057373,1.8157931497508537,-1.577955103796202,-0.6354757901667533,valid,egm_isolation,0.3484848484848485,0.75,0.3484848484848485,150.0,2.0,3
1332.964865377258,237.52331140495028,1164.6107591793727,236.43602576235708,168.3541060863246,22.700863033704422,1.1156064801534013e-07,1.2159683466208245e-08,4706.05646659276,752.321194841159,4268.335790128197,751.4301859339922,437.72067582444396,36.60404177730952,6.401197085122232e-07,6.242640777336727e-08,337.3319783725751,131.4574505736395,312.84410834440536,131.17204099702235,24.48786997619267,8.657769458490149,5.19771200980562e-08,8.313091944225988e-09,844.5743954452477,241.67769307891174,774.1717690633916,241.23143666913546,70.40262618155393,14.679962346325988,2.0030207257299708e-07,1.6431718907585656e-08,1879.6489057330198,957.1526444873517,-0.41012636908553346,0.760757783274501,-0.5543429475053253,3.951492745538136,1.6932341625256724,5.5721041177335175,1.8264235343258852,-1.6206113721953814,-0.6507028704698226,valid,egm_isolation,0.3560606060606061,0.75,0.3560606060606061,150.0,2.0,3
1337.4845774971227,237.5448926919572,1166.0694875509457,236.43789298684527,171.4150898333487,22.906304895695282,1.128283826518781e-07,1.2225590092386388e-08,4714.915766467551,752.3577175742244,4277.195089994114,751.4667519718097,437.72067582444396,36.60404177730952,6.48993850967989e-07,6.251644939731844e-08,337.3371808783305,131.45745062511256,312.84931085016075,131.17204104860738,24.48786997619267,8.657769458490149,5.19771200980562e-08,8.313091944225988e-09,844.6035570819691,241.67769483828195,774.2009307001131,241.23143843176032,70.40262618155393,14.679962346325988,2.0030207257299708e-07,1.6431718907585656e-08,1883.1514257814054,958.7442164913101,-0.40797991802298483,0.7591921263447934,-0.5524432305040792,3.96483000781204,1.6979626723216952,5.5824010293742665,1.828954322270788,-1.6175710215622265,-0.6481623286292353,valid,egm_isolation,0.36363636363636365,0.75,0.36363636363636365,150.0,2.0,3
1373.9596810914313,239.80773025310666,1199.4836073969625,238.69159822598002,174.47607358037277,23.109920499086517,1.1409611728841605e-07,1.2291143324188121e-08,4763.152035101373,753.1408069929358,4325.431358624132,752.2507688819836,437.72067582444396,36.60404177730952,6.527970548776028e-07,6.255499898947733e-08,344.7191915210243,131.6629278261005,320.2313214915868,131.37796463541588,24.48786997619267,8.657769458490149,5.324485473459416e-08,8.409200246267956e-09,880.0610690000303,243.88568632405426,809.6584426169065,243.44347742189652,70.40262618155393,14.679962346325988,2.0156980720953503e-07,1.657778150368565e-08,1865.7227054680798,928.5208192852749,-0.3579166340499942,0.7161544068055803,-0.5127935321988413,3.9857359697005266,1.673741062769492,5.412297172187728,1.7268437473401714,-1.4265612024872012,-0.593196869647512,valid,egm_isolation,0.3712121212121212,0.75,0.3712121212121212,150.0,2.0,3
1375.2892603958317,239.80955163366895,1200.813186700095,238.69342812332985,174.47607358037277,23.109920499086517,1.1536385192495401e-07,1.2356348786126598e-08,4770.905843646367,753.1767219635902,4333.185167166591,752.286726344008,437.72067582444396,36.60404177730952,6.553325241506788e-07,6.258068552509525e-08,344.8191789527434,131.66296027929135,320.3313089233059,131.37799715899877,24.48786997619267,8.657769458490149,5.324485473459416e-08,8.409200246267956e-09,880.0636702567111,243.8856863379266,809.6610438697842,243.44347743579402,70.40262618155393,14.679962346325988,2.0537301111914888e-07,1.6722568370617478e-08,1869.2963832799926,929.9916811776817,-0.35920234172553434,0.7165460851130223,-0.5143694620811543,3.9884360973561495,1.6741960408022996,5.42109168334913,1.7289760951374435,-1.4326555859929804,-0.5952735992666848,valid,egm_isolation,0.3787878787878788,0.75,0.3787878787878788,150.0,2.0,3
1376.232363648906,239.81051565694804,1201.7562899531692,238.69439665433543,174.47607358037277,23.109920499086517,1.1536385192495401e-07,1.2356348786126598e-08,4934.270630069347,762.8201361882213,4496.549953587035,761.941404767966,437.72067582444396,36.60404177730952,6.578679934237546e-07,6.260636152187909e-08,344.8269827126443,131.66296035638044,320.339112681939,131.37799723625506,24.48786997619267,8.657769458490149,5.451258937113211e-08,8.504222474189575e-09,880.1851695568599,243.88570556136682,809.782543164862,243.44349669415317,70.40262618155393,14.679962346325988,2.104439496653007e-07,1.691368964314671e-08,1933.081483423604,959.6827099762845,-0.4046185328023264,0.7390328590455816,-0.5629335404021886,3.9910808395054334,1.6750779403890328,5.605946113081599,1.7787364864653277,-1.6148652735761653,-0.660932005691677,valid,egm_isolation,0.38636363636363635,0.75,0.38636363636363635,150.0,2.0,3
1379.0026165412735,239.81417785531073,1204.5265428430014,238.6980759766289,174.47607358037277,23.109920499086517,1.1789932119802991e-07,1.2485738165673997e-08,4949.008090991164,762.8910078172086,4511.287414486043,762.0123581241455,437.72067582444396,36.60404177730952,6.806764315140073e-07,6.583133045813215e-08,344.8346324860069,131.66296043051727,320.34676245530164,131.37799731055267,24.48786997619267,8.657769458490149,5.451258937113211e-08,8.504222474189575e-09,912.9991303871899,246.0703356725165,842.5965039926565,245.63205980387698,70.40262618155393,14.679962346325988,2.1297941893837663e-07,1.700844494837915e-08,1869.2124991438627,919.8826901113857,-0.355481473872836,0.70748835165004,-0.5156691160196184,3.9990258710375683,1.6778053839059106,5.420605481729605,1.6830315588234368,-1.4215796106920364,-0.5981887157898412,valid,egm_isolation,0.3939393939393939,0.75,0.3939393939393939,150.0,2.0,3
1379.7558419731472,239.81510627837702,1205.2797682736075,238.6990087407888,174.47607358037277,23.109920499086517,1.1916705583456788e-07,1.2549932615374725e-08,4964.408886933832,762.962159101703,4526.688210424909,762.0835914430236,437.72067582444396,36.60404177730952,6.844796354236211e-07,6.586794002558325e-08,345.5323316696085,131.66462240062313,321.0444616376355,131.37966288547975,24.48786997619267,8.657769458490149,5.5780324007670067e-08,8.598194636037794e-09,913.6600181594396,246.07122316644922,843.2573917649062,245.63294888133981,70.40262618155393,14.679962346325988,2.1297941893837663e-07,1.700844494837915e-08,1877.4639843813661,922.3554135089364,-0.36072189532929366,0.7090956995696462,-0.522242068225075,3.9931309330915052,1.6723922246603282,5.433540691574303,1.6848822950872466,-1.4404097584827982,-0.6067519671005891,valid,egm_isolation,0.40151515151515155,0.75,0.40151515151515155,150.0,2.0,3
1413.3447358671995,242.03738985457124,1238.8686621676597,240.93158709920044,174.47607358037277,23.109920499086517,1.1916705583456788e-07,1.2549932615374725e-08,4979.777919991973,763.0333031898024,4542.057243474175,762.1548175418862,437.72067582444396,36.60404177730952,6.933537778793868e-07,6.595328332217114e-08,345.62711659683987,131.66465480200424,321.13924656359916,131.3796953571387,24.48786997619267,8.657769458490149,5.7048058644208024e-08,8.691150793069184e-09,919.367154249608,246.09381054688993,845.9035441067829,245.63650517278464,73.46360992857801,14.995696582323022,2.1424715357491459e-07,1.7055625191435296e-08,1872.0989496130546,917.6111979913909,-0.32458762685692033,0.6877341216910234,-0.4834103286529762,4.089218316500928,1.7079308299962326,5.416527985553816,1.6706236534168646,-1.3273096690528874,-0.555558572315758,valid,egm_isolation,0.4090909090909091,0.75,0.4090909090909091,150.0,2.0,3
1428.8087078289677,242.2615780024393,1254.3326341281602,241.15680324377723,174.47607358037277,23.109920499086517,1.2043479047110584e-07,1.2613800369401931e-08,5002.626349862774,763.1398699519212,4564.905673343709,762.2615071193089,437.72067582444396,36.60404177730952,6.946215125159248e-07,6.596546620833704e-08,345.7881825401498,131.6646937422568,321.3003125069091,131.3797343818517,24.48786997619267,8.657769458490149,5.7048058644208024e-08,8.691150793069184e-09,919.3722027713607,246.09381057280615,845.9085926272678,245.6365051987491,73.46360992857801,14.995696582323022,2.1551488821145254e-07,1.7102675281352922e-08,1881.5546828934414,921.5867131786339,-0.316869551944716,0.6825572044287387,-0.4751258139443754,4.132034522790748,1.722281900505464,5.44135045064755,1.6764415659123129,-1.3093159278568027,-0.5447586318793768,valid,egm_isolation,0.4166666666666667,0.75,0.4166666666666667,150.0,2.0,3
1428.9378568986758,242.2615973950439,1254.4617831966007,241.15682272522218,174.47607358037277,23.109920499086517,1.217025251076438e-07,1.267734636537956e-08,5035.3530215565015,763.8408376864692,4597.632345033633,762.9632818446323,437.72067582444396,36.60404177730952,6.984247164255386e-07,6.600200137427114e-08,346.44907031239956,131.6663523869701,321.96120027915885,131.38139662407846,24.48786997619267,8.657769458490149,5.7048058644208024e-08,8.691150793069184e-09,919.4065669189083,246.09381232810034,845.9429567697446,245.63650695731118,73.46360992857801,14.995696582323022,2.2058582675760436e-07,1.7289595316666968e-08,1897.4123481182903,927.7765422438438,-0.32784805088471636,0.6871979197838293,-0.4885618251248704,4.1245250149182855,1.7164078010725472,5.476742501884501,1.6849917324206025,-1.3522174869662154,-0.5621929231520228,valid,egm_isolation,0.42424242424242425,0.75,0.42424242424242425,150.0,2.0,3
1438.3077333664098,242.37585924089254,1263.8316596605314,241.2716077728311,174.47607358037277,23.109920499086517,1.2550572901725764e-07,1.2866101359535309e-08,5083.56257581994,764.6121660277381,4645.841899294536,763.7354964666722,437.72067582444396,36.60404177730952,7.009601856986146e-07,6.602634692020032e-08,347.109958085917,131.66801101078914,322.6220880514086,131.38305884527475,24.48786997619267,8.657769458490149,5.831579328074598e-08,8.783123203994417e-09,926.8594033604031,246.203650258134,853.3957932061684,245.74654928287492,73.46360992857801,14.995696582323022,2.256567653037562e-07,1.747451603475256e-08,1903.8002810593057,926.9607791068632,-0.32363904948448985,0.6819875969413548,-0.48583728110442626,4.143666005140648,1.7199247897371244,5.484718132425561,1.6742610393705182,-1.3410521272849127,-0.5587090958841098,valid,egm_isolation,0.4318181818181818,0.75,0.4318181818181818,150.0,2.0,3
1439.7827710981217,242.3776823923105,1265.3066973897078,241.27343926838205,174.47607358037277,23.109920499086517,1.2804119829033357e-07,1.2990414404906121e-08,5199.57605973914,766.7857353387623,4758.794399459106,765.9054369979833,440.781659571468,36.731804964289005,7.085665935178423e-07,6.609932975665271e-08,361.8233058902298,132.07798423670548,337.33543583418066,131.79391847894595,24.48786997619267,8.657769458490149,7.985649673446066e-08,2.213015293637717e-08,927.5543473071243,246.20453902285468,854.0907371503541,245.7474397007368,73.46360992857801,14.995696582323022,2.281922345768321e-07,1.7566246407988833e-08,2028.2669200186288,963.0596453226856,-0.4087312063552966,0.7096881262590946,-0.5925779456132607,3.9792427620318187,1.5995844107738937,5.605683456537666,1.7021618394079534,-1.6264406945058476,-0.6963058560953694,valid,egm_isolation,0.4393939393939394,0.75,0.4393939393939394,150.0,2.0,3
1447.2571193991719,242.48920529994305,1272.7810456894902,241.38547234977466,174.47607358037277,23.109920499086517,1.2930893292687152e-07,1.305212693471338e-08,5239.955108921628,767.4961620776917,4793.051481141207,766.6044573735876,446.9036270655162,36.98600733971778,7.149052667005321e-07,6.616008728698976e-08,361.8283544107148,132.07798428499373,337.34048435466565,131.7939185273383,24.48786997619267,8.657769458490149,7.985649673446066e-08,2.213015293637717e-08,927.5911587184761,246.20454078952235,854.1275485604382,245.74744147069055,73.46360992857801,14.995696582323022,2.2945996921337005e-07,1.761193243158906e-08,2043.9655083242935,969.8601839098217,-0.41230295634879655,0.7106885777876537,-0.5968785859552143,3.9998444062136067,1.6065227290213129,5.648992079830673,1.7125217376954696,-1.6491476736170667,-0.7023282016954874,valid,egm_isolation,0.44696969696969696,0.75,0.44696969696969696,150.0,2.0,3
1455.9635068405105,242.60245975246522,1281.4874331282933,241.49924441387475,174.47607358037277,23.109920499086517,1.3184440219994742e-07,1.3174684805991621e-08,5240.752641558018,767.496452755024,4793.84901376999,766.6047483890321,446.9036270655162,36.98600733971778,7.225116745197598e-07,6.623292275352321e-08,369.18640592117487,132.28249443825163,344.69853586512573,131.99886879367455,24.48786997619267,8.657769458490149,7.985649673446066e-08,2.213015293637717e-08,930.7444801251244,246.22358549319006,854.2198862187946,245.74745881826252,76.52459367560209,15.304918735120419,2.3072770384990802e-07,1.7657500250135537e-08,2078.7817423301844,974.6263589171384,-0.4277704987546085,0.7104217513110754,-0.6201103917536098,3.9437083367348413,1.5583846571956355,5.630710418882612,1.7025882967608996,-1.6870020821477705,-0.7309020880529961,valid,egm_isolation,0.4545454545454546,0.75,0.4545454545454546,150.0,2.0,3
1460.3488673861796,242.62356985978835,1282.8118099256706,241.50105300916175,177.53705732739687,23.31175769807255,1.331121368364854e-07,1.323553817741857e-08,5263.032829307007,767.602120945604,4816.129201496171,766.7105394744852,446.9036270655162,36.98600733971778,7.453201126100125e-07,6.928930381634491e-08,369.18900717405256,132.28249446382762,344.70113711800343,131.9988688193055,24.48786997619267,8.657769458490149,7.985649673446066e-08,2.213015293637717e-08,930.9418537369526,246.2236201867854,854.4172598293551,245.74749357907544,76.52459367560209,15.304918735120419,2.3199543848644597e-07,1.7702950776416188e-08,2087.1914364753966,978.1087681591144,-0.429241657995858,0.7106243179363219,-0.6220210123298163,3.955558911584018,1.562248925161636,5.653449577092633,1.707546597536841,-1.6978906655086154,-0.7336277838742582,valid,egm_isolation,0.46212121212121215,0.75,0.46212121212121215,150.0,2.0,3
1461.7050070756911,242.62537184049137,1284.1679496126467,241.50286336555735,177.53705732739687,23.31175769807255,1.356476061095613e-07,1.3356413181062515e-08,5272.247389453676,767.6204308127022,4816.1608104005,766.7105400329687,456.0865783065885,37.36406834690642,7.465878472465505e-07,6.930090024279935e-08,369.2181688120417,132.28249767816467,344.7302987547248,131.99887204054917,24.48786997619267,8.657769458490149,8.112423137099863e-08,2.2166434537293566e-08,938.3316681420828,246.33338465801373,861.8070742294143,245.8574706198376,76.52459367560209,15.304918735120419,2.370663770325978e-07,1.7883597809918634e-08,2074.5431415657995,969.6778228217065,-0.4192625266545138,0.7039758634552419,-0.6131011649821877,3.9589194967807853,1.5632200092309212,5.618746087822914,1.6867144688753997,-1.6598265910421288,-0.7217549838790149,valid,egm_isolation,0.4696969696969697,0.75,0.4696969696969697,150.0,2.0,3
1469.7505067473157,242.73766308308598,1292.2134492792002,241.61567629618762,177.53705732739687,23.31175769807255,1.4071854465571313e-07,1.359493940766095e-08,5346.38401697077,769.049278620913,4890.29743791379,768.141080364743,456.0865783065885,37.36406834690642,7.503910511561643e-07,6.933567788511526e-08,369.88425909004684,132.28414862769532,345.3963890327299,132.00052653742642,24.48786997619267,8.657769458490149,8.112423137099863e-08,2.2166434537293566e-08,938.4266070545846,246.3334019780562,861.9020131406484,245.85748797340705,76.52459367560209,15.304918735120419,2.3833411166913575e-07,1.7928475164821037e-08,2107.296698603811,982.7766147021509,-0.43377851474087237,0.7093595089631258,-0.6297934619058491,3.9735416434401736,1.5652947138591182,5.697178635792657,1.7053089723575852,-1.7236369923524832,-0.7446210051407269,valid,egm_isolation,0.4772727272727273,0.75,0.4772727272727273,150.0,2.0,3
1474.2573665931334,242.75878074591463,1293.6593253716553,241.6175034238411,180.59804107442093,23.51186229274896,1.470572178384029e-07,1.388733714724903e-08,5348.466821707045,769.0501360846587,4892.38024264753,768.1419388422947,456.0865783065885,37.36406834690642,7.529265204292402e-07,6.935885329217761e-08,369.9158679943755,132.2841518646295,345.4279979370586,132.00052978131563,24.48786997619267,8.657769458490149,8.112423137099863e-08,2.2166434537293566e-08,945.8742409877885,246.44313309727434,869.3496470713169,245.96743140772162,76.52459367560209,15.304918735120419,2.408695809422117e-07,1.8017894548280627e-08,2091.6974594050953,973.1254845631214,-0.41881431750197495,0.7002043660974763,-0.6156251244818259,3.9853855812845236,1.5690311239255732,5.654522123492414,1.6827227459366183,-1.66913654220789,-0.7254774428692519,valid,egm_isolation,0.48484848484848486,0.75,0.48484848484848486,150.0,2.0,3
1481.7974921674286,242.87014447432986,1301.1994509459505,241.72939293455536,180.59804107442093,23.51186229274896,1.470572178384029e-07,1.388733714724903e-08,5475.600506772767,777.7807433113514,5016.452943961158,776.8767221644799,459.14756205361255,37.48924145580756,7.579974589753921e-07,6.940518089048201e-08,369.94502963109693,132.2841550789263,345.45715957378,132.00053300251878,24.48786997619267,8.657769458490149,8.112423137099863e-08,2.2166434537293566e-08,946.6592293092614,246.44403828629962,870.134635391522,245.9683383473785,76.52459367560209,15.304918735120419,2.4213731557874963e-07,1.8062438236894784e-08,2139.8103235143553,994.0576482245289,-0.4440639391179222,0.711374828791876,-0.6430321844259461,4.00545317136725,1.5755536681165259,5.7841304845969645,1.7153489691422206,-1.7786773132297142,-0.7636698457786115,valid,egm_isolation,0.49242424242424243,0.75,0.49242424242424243,150.0,2.0,3
1522.6225885218355,245.17500066721337,1342.0245472978218,244.04502306684086,180.59804107442093,23.51186229274896,1.495926871114788e-07,1.40025867345544e-08,5486.3553348041005,777.816907412958,5027.207771991223,776.9129283468812,459.14756205361255,37.48924145580756,7.5926519361193e-07,6.941675795907792e-08,370.64533006630836,132.28580927024126,346.15746000899145,132.00219074805648,24.48786997619267,8.657769458490149,8.112423137099863e-08,2.2166434537293566e-08,946.69083821359,246.4440400237938,870.1662442958507,245.968340088233,76.52459367560209,15.304918735120419,2.4213731557874963e-07,1.8062438236894784e-08,2148.000067019478,996.5639309234228,-0.41072389389990605,0.6928036594624065,-0.6093634628141503,4.10803122286591,1.6084940332961717,5.795297802983789,1.717862472538071,-1.6872665801178792,-0.7169605972807187,valid,egm_isolation,0.5,0.75,0.5,150.0,2.0,3
1590.4126463102023,249.5052178827175,1409.8146050811176,248.39493972750157,180.59804107442093,23.51186229274896,1.5466362565763064e-07,1.423028600181426e-08,5504.430792427737,777.8924516228619,5042.2222458653,776.9825309782681,462.2085458006366,37.6139980117959,7.618006628850059e-07,6.943990630585962e-08,370.64533006630836,132.28580927024126,346.15746000899145,132.00219074805648,24.48786997619267,8.657769458490149,8.112423137099863e-08,2.2166434537293566e-08,947.354327241253,246.44492618567602,870.8297333209781,245.9692279639359,76.52459367560209,15.304918735120419,2.4467278485182553e-07,1.815119768166814e-08,2153.5675820763686,998.630875494907,-0.3540935977041557,0.6628679906863607,-0.5471092240494132,4.290928597496905,1.672878895108154,5.810318942076232,1.7201348817256263,-1.5193903445793264,-0.633222911521881,valid,egm_isolation,0.5075757575757576,0.75,0.5075757575757576,150.0,2.0,3
1707.132498620393,275.12577595500414,1526.5344573900409,274.1192895919036,180.59804107442093,23.51186229274896,1.559313602941686e-07,1.4286643790691672e-08,5505.852709390495,777.8930185981003,5043.644162826789,776.9830986174879,462.2085458006366,37.6139980117959,7.630683975215439e-07,6.945147758597538e-08,370.6769389706371,132.2858125071348,346.18906891332017,132.00219399190476,24.48786997619267,8.657769458490149,8.112423137099863e-08,2.2166434537293566e-08,948.1126011936119,246.44582965493575,871.5880072720693,245.97013318047573,76.52459367560209,15.304918735120419,2.459405194883635e-07,1.8195415037521755e-08,2152.5846467716037,997.8507529463673,-0.26093589601931866,0.6188365003779621,-0.43035333435144946,4.6054456566979,1.8033954191477306,5.807171745696646,1.718045523667717,-1.201726088998746,-0.4824724885277614,valid,egm_isolation,0.5151515151515151,0.75,0.5151515151515151,150.0,2.0,3
1715.3652748590728,275.22483840016514,1534.767233626185,274.218715633933,180.59804107442093,23.51186229274896,1.5846682956724452e-07,1.4398697615390951e-08,5509.706331233621,777.8993277929634,5044.436800920357,776.9833857379534,465.26952954766074,37.738342146031414,7.656038667946198e-07,6.947461436447559e-08,370.830201155314,132.2858511878145,346.3423310979971,132.00223275569334,24.48786997619267,8.657769458490149,8.112423137099863e-08,2.2166434537293566e-08,948.1495665889663,246.44583142145092,871.6249726674237,245.9701349504073,76.52459367560209,15.304918735120419,2.459405194883635e-07,1.8195415037521755e-08,2154.897897035908,998.6021939454689,-0.2562326687025569,0.6160568217622364,-0.424326689642465,4.625743182499394,1.8093615641263814,5.811009702883872,1.7188582626088942,-1.185266520384478,-0.47493321749435313,valid,egm_isolation,0.5227272727272727,0.75,0.5227272727272727,150.0,2.0,3
1723.4081732790871,275.32383420970217,1542.8101320398607,274.3180745329377,180.59804107442093,23.51186229274896,1.648055027499343e-07,1.4675089388581426e-08,5550.650325634032,778.622018328411,5085.380795314429,777.7069274205272,465.26952954766074,37.738342146031414,7.719425399773096e-07,6.953242262884265e-08,370.83524967579893,132.2858512360269,346.347379618482,132.00223280400934,24.48786997619267,8.657769458490149,8.112423137099863e-08,2.2166434537293566e-08,948.3002275207655,246.4458521705234,871.7756335992228,245.97015573960763,76.52459367560209,15.304918735120419,2.459405194883635e-07,1.8195415037521755e-08,2170.596125185974,1005.2176581397858,-0.25947883898916024,0.6170027794132596,-0.42906397343689456,4.647368810774513,1.8164842927094866,5.853262674148716,1.7286042453733592,-1.2058938633742038,-0.4809097692379211,valid,egm_isolation,0.5303030303030303,0.75,0.5303030303030303,150.0,2.0,3
1756.8170906193484,277.2616372562427,1576.219049380122,276.2629324131978,180.59804107442093,23.51186229274896,1.648055027499343e-07,1.4675089388581426e-08,5551.5274976323935,778.6223103066931,5086.25796730772,777.7072197423663,465.26952954766074,37.738342146031414,7.770134785234614e-07,6.95786346594319e-08,371.49873870092637,132.28750211813005,347.01086864360946,132.00388723313378,24.48786997619267,8.657769458490149,8.112423137099863e-08,2.2166434537293566e-08,955.7532179424597,246.55553327208895,879.2286240209171,246.08004886539567,76.52459367560209,15.304918735120419,2.459405194883635e-07,1.8195415037521755e-08,2157.864001414336,995.9439694558848,-0.22828040149222506,0.5991288454064027,-0.38792819003868206,4.728998802964085,1.8419336055204303,5.808536548360979,1.7055702714171992,-1.0795377453968937,-0.43004047846599835,valid,egm_isolation,0.5378787878787878,0.75,0.5378787878787878,150.0,2.0,3
1757.509741281197,277.262426455204,1576.9117000419706,276.26372446514614,180.59804107442093,23.51186229274896,1.648055027499343e-07,1.4675089388581426e-08,5570.6501650930695,778.6983208626147,5102.319651018835,777.7772964189846,468.3305132946848,37.86227792183768,7.795489477965373e-07,6.96017291688077e-08,378.85158770563106,132.4916888153376,354.36371764831415,132.20851195420016,24.48786997619267,8.657769458490149,8.112423137099863e-08,2.2166434537293566e-08,956.4432673526986,246.55642074408186,879.9186734298883,246.08093805218658,76.52459367560209,15.304918735120419,2.4720825412490143e-07,1.8239525199312365e-08,2206.5602128598543,1007.0635007988969,-0.2555038308073938,0.606272368942265,-0.4299050648884023,4.639045468767542,1.7797941361923557,5.824339357327331,1.7079624394771913,-1.185293888559789,-0.4805103968690779,valid,egm_isolation,0.5454545454545454,0.75,0.5454545454545454,150.0,2.0,3
1772.2178865582136,277.4573515097203,1591.6198453189872,276.4593536820834,180.59804107442093,23.51186229274896,1.648055027499343e-07,1.4675089388581426e-08,5701.3301397592295,787.3500474731678,5232.999625679924,786.4391554129087,468.3305132946848,37.86227792183768,7.846198863426891e-07,6.964789521387396e-08,378.8833505952301,132.49169205013507,354.3954805379132,132.20851519592625,24.48786997619267,8.657769458490149,8.112423137099863e-08,2.2166434537293566e-08,964.4887670205198,246.66692244489084,887.9641730964418,246.19165317074655,76.52459367560209,15.304918735120419,2.484759887614394e-07,1.828352894287722e-08,2239.6726017604215,1018.4034640001065,-0.26376819619513125,0.6077566405039466,-0.4428656148280655,4.6774762833311065,1.7921137941041572,5.911245765330859,1.7181188434531123,-1.2337694819997527,-0.4969545278589211,valid,egm_isolation,0.5530303030303031,0.75,0.5530303030303031,150.0,2.0,3
1773.7373436863495,277.4589564933927,1593.1393024445877,276.46096445959455,180.59804107442093,23.51186229274896,1.673409720230102e-07,1.4784199362164027e-08,5717.370465594791,787.4192654560352,5249.039951512951,786.5084535603488,468.3305132946848,37.86227792183768,7.87155355615765e-07,6.967096676478749e-08,378.8857978628374,132.49169207273692,354.3979278055205,132.2085152185765,24.48786997619267,8.657769458490149,8.112423137099863e-08,2.2166434537293566e-08,967.5813596718726,246.68591590588127,887.9957820007704,246.19165491002195,79.58557742262617,15.608015856866164,2.484759887614394e-07,1.828352894287722e-08,2238.8096348496415,1016.7485090863521,-0.2621990752005787,0.6062742751624941,-0.4412758428502925,4.681456401088093,1.7933743361136725,5.908929940045221,1.7122439722282092,-1.2274735389571276,-0.49504677543900694,valid,egm_isolation,0.5606060606060607,0.75,0.5606060606060607,150.0,2.0,3
1781.0901926910542,277.5563671164623,1600.4921514492924,276.5587265996414,180.59804107442093,23.51186229274896,1.673409720230102e-07,1.4784199362164027e-08,5838.4072999283335,795.9149916540388,5367.0158020918625,795.0080202291789,471.3914970417089,37.985809336251116,7.947617634349928e-07,6.974013562212359e-08,378.9149594995588,132.49169528199872,354.4270894422419,132.2085184347122,24.48786997619267,8.657769458490149,8.112423137099863e-08,2.2166434537293566e-08,967.5839609260181,246.6859159195961,887.9983832536482,246.19165492376433,79.58557742262617,15.608015856866164,2.4974372339797734e-07,1.841490928381302e-08,2286.3750898444496,1037.3356806389068,-0.2836941662061252,0.6158136154425196,-0.47054622593902673,4.700501123110523,1.7994217590236097,6.034005869982316,1.7444845934795137,-1.3335047468717933,-0.5320778142005564,valid,egm_isolation,0.5681818181818182,0.75,0.5681818181818182,150.0,2.0,3
1813.81655641424,279.47790812990087,1633.218515168675,278.4871513448908,180.59804107442093,23.51186229274896,1.7114417593262408e-07,1.494637093431865e-08,5846.729658588487,795.9492455778206,5375.338160748213,795.0423132292844,471.3914970417089,37.985809336251116,7.985649673446066e-07,6.977469433769113e-08,379.09963481627165,132.49175963502145,354.61176475895473,132.20858292557233,24.48786997619267,8.657769458490149,8.112423137099863e-08,2.2166434537293566e-08,967.6155698303467,246.68591765538667,888.0299921579767,246.1916566630397,79.58557742262617,15.608015856866164,2.4974372339797734e-07,1.841490928381302e-08,2290.6752924913976,1038.8461164243945,-0.2629035082907538,0.6048946625806416,-0.4432666413157831,4.784537862436336,1.8274503744826276,6.042409652020794,1.7463339250928098,-1.257871789584458,-0.4976353197212652,valid,egm_isolation,0.5757575757575758,0.75,0.5757575757575758,150.0,2.0,3
1813.8242061901383,279.47790816482694,1633.2261649420377,278.48715137994117,180.59804107442093,23.51186229274896,1.7367964520569998e-07,1.505351474983837e-08,5905.916547198333,796.7295669796612,5431.464065607232,795.8176371299953,474.452480788733,38.10894032152518,8.023681712542205e-07,6.980923594514024e-08,379.7631238413991,132.49340795148387,355.27525378408217,132.21023477250907,24.48786997619267,8.657769458490149,8.112423137099863e-08,2.2166434537293566e-08,970.6765535786384,246.70490791830582,888.0299921579767,246.1916566630397,82.64656116965025,15.905338112964817,2.510114580345153e-07,1.8458494928886834e-08,2310.6041954365046,1044.9332994096587,-0.2738854115801177,0.6086142813674663,-0.4592745380222178,4.776198878508404,1.8216148862134833,6.084330074137174,1.750713711439631,-1.3081311956287704,-0.5177610533739029,valid,egm_isolation,0.5833333333333334,0.75,0.5833333333333334,150.0,2.0,3
1822.50143199222,279.57617762022386,1641.9033907441194,278.58577031905594,180.59804107442093,23.51186229274896,1.7367964520569998e-07,1.505351474983837e-08,5947.410530855915,797.4354567019499,5472.958049262278,796.5243350162114,474.452480788733,38.10894032152518,8.049036405272964e-07,6.983225419146668e-08,496.482822165052,176.05636027693444,471.9949521077351,175.84335364740224,24.48786997619267,8.657769458490149,8.112423137099863e-08,2.2166434537293566e-08,971.5856424480669,246.70583116426073,888.9390810261375,246.19258183373637,82.64656116965025,15.905338112964817,2.522791926710533e-07,1.850197789827939e-08,3039.1424450174777,1386.7276506126643,-0.6675665608094026,0.8027424969435519,-0.8600422058972931,3.6708247508840155,1.4182811999015381,6.12134460516569,1.757727165870139,-2.450519854281674,-1.084988625108066,valid,egm_isolation,0.5909090909090909,0.75,0.5909090909090909,150.0,2.0,3
1837.868017773879,279.7702711911229,1657.2699765257785,278.78055343563915,180.59804107442093,23.51186229274896,1.7367964520569998e-07,1.505351474983837e-08,5955.466435537783,797.4696292968243,5481.013953940343,796.558546698474,474.452480788733,38.10894032152518,8.087068444369103e-07,6.98667673417602e-08,496.482822165052,176.05636027693444,471.9949521077351,175.84335364740224,24.48786997619267,8.657769458490149,8.112423137099863e-08,2.2166434537293566e-08,972.9365796292877,246.70760330023228,890.2900182073583,246.19435766413707,82.64656116965025,15.905338112964817,2.522791926710533e-07,1.850197789827939e-08,3039.033422252094,1385.9281815200698,-0.653564561144673,0.7949971122422373,-0.8495501011865608,3.701775642023912,1.4285152605700004,6.121125014959309,1.7552635572856914,-2.4193493729353968,-1.0690438154010844,valid,egm_isolation,0.5984848484848485,0.75,0.5984848484848485,150.0,2.0,3
1845.5273911479376,279.86691390456286,1664.929349899837,278.87753912782364,180.59804107442093,23.51186229274896,1.7367964520569998e-07,1.505351474983837e-08,5977.530031077454,797.5713151994798,5503.077549474943,796.6603488919217,474.452480788733,38.10894032152518,8.137777829830621e-07,6.991275837229112e-08,496.5144310693807,176.0563627090822,472.0265610120638,175.84335608249617,24.48786997619267,8.657769458490149,8.112423137099863e-08,2.2166434537293566e-08,980.2894286377957,246.8171507708303,897.642867212063,246.30413340856268,82.64656116965025,15.905338112964817,2.5608239658066714e-07,1.8631817932624103e-08,3027.605762009264,1377.2326302459574,-0.640509794940546,0.7866290628393653,-0.8411089482515386,3.7169662665656777,1.4334520148036145,6.097719567764587,1.7375419685411604,-2.3807533011989093,-1.056929815754945,valid,egm_isolation,0.6060606060606061,0.75,0.6060606060606061,150.0,2.0,3
1856.699497853293,279.98101510655295,1673.040472855633,278.9752525406565,183.65902482144503,23.71027815047171,1.762151144787759e-07,1.5159901336781762e-08,6093.562435232819,805.9534130809838,5619.1099536277725,805.0519316941344,474.452480788733,38.10894032152518,8.16313252256138e-07,6.993574254585217e-08,497.2676565012546,176.0576273532123,472.77978644266994,175.84462225853312,24.48786997619267,8.657769458490149,8.239196600753658e-08,2.2202656850133928e-08,1096.450827877599,272.6895974141267,1013.8042664480631,272.2253418721166,82.64656116965025,15.905338112964817,2.59885600490281e-07,1.87607593876284e-08,2763.5817629667263,1250.3418510263025,-0.48843782537883285,0.7098409841822836,-0.7077798185273332,3.733803060743824,1.4368620996221246,5.557533708126368,1.5654720003317513,-1.8237306473825434,-0.8582594225734091,valid,egm_isolation,0.6136363636363636,0.75,0.6136363636363636,150.0,2.0,3
1856.6994978558284,279.98101510655295,1673.040472855633,278.9752525406565,183.65902482144503,23.71027815047171,1.787505837518518e-07,1.526554652668267e-08,6094.35002481224,805.9536898728807,5619.897543200856,805.0522087959773,474.452480788733,38.10894032152518,8.226519254388278e-07,6.999316995952611e-08,497.3648886973611,176.0576516015818,472.877018636241,175.8446465362753,24.48786997619267,8.657769458490149,8.492743528061248e-08,2.2274924768047034e-08,1136.6440441086716,274.7436159222646,1053.9974826791356,274.2828370670559,82.64656116965025,15.905338112964817,2.59885600490281e-07,1.87607593876284e-08,2666.72379755478,1196.2195337199546,-0.4362710824419307,0.6797017120387635,-0.6593346005823212,3.733073122066728,1.4363436509910015,5.361704973865657,1.477293540179415,-1.628631851798929,-0.7904229854036984,valid,egm_isolation,0.6212121212121212,0.75,0.6212121212121212,150.0,2.0,3
1857.4553245431157,279.98181034801706,1673.796299539117,278.9760506491198,183.65902482144503,23.71027815047171,1.825537876614657e-07,1.5422657490988622e-08,6103.8361980667605,805.9880490138705,5629.383716454108,805.086606409991,474.452480788733,38.10894032152518,8.239196600753657e-07,7.000464978908034e-08,497.45982760859516,176.05767583514677,472.9719575474751,175.844670799195,24.48786997619267,8.657769458490149,8.492743528061248e-08,2.2274924768047034e-08,1136.7127723961605,274.7436190667747,1054.0662109640891,274.28284021684857,82.64656116965025,15.905338112964817,2.624210697633569e-07,1.884623026013009e-08,2671.223000724022,1197.917086149683,-0.4381088823124568,0.6803798728454165,-0.6614914952935811,3.733880047103169,1.4363330617082843,5.369726061228321,1.4789198017911656,-1.635846014125152,-0.7934779321965942,valid,egm_isolation,0.6287878787878788,0.75,0.6287878787878788,150.0,2.0,3
1865.500824209669,280.07912479164537,1681.8417992056702,279.07371580656127,183.65902482144503,23.71027815047171,1.825537876614657e-07,1.5422657490988622e-08,6119.273651434242,806.0553966292313,5644.8211698177865,805.154029427089,474.452480788733,38.10894032152518,8.277228639849796e-07,7.003907798806193e-08,497.4598276098629,176.05767583514677,472.9719575474751,175.844670799195,24.48786997619267,8.657769458490149,8.619516991715043e-08,2.231097094549749e-08,1136.7127723961605,274.7436190667747,1054.0662109640891,274.28284021684857,82.64656116965025,15.905338112964817,2.624210697633569e-07,1.884623026013009e-08,2677.9788963954256,1200.6930725566679,-0.43552812287283116,0.6787569513214786,-0.6589832897189623,3.750053211679042,1.4416773525450133,5.383306847634847,1.4818296101667652,-1.6332536359558048,-0.7899935442860453,valid,egm_isolation,0.6363636363636364,0.75,0.6363636363636364,150.0,2.0,3
1872.9119964878164,280.175627479162,1689.2529714838176,279.1705660404933,183.65902482144503,23.71027815047171,1.825537876614657e-07,1.5422657490988622e-08,6122.368845341009,806.0612091645172,5644.855379974993,805.1540299631087,477.51346453575707,38.23167474659086,8.302583332580555e-07,7.006202072189451e-08,498.12316265098775,176.05891627267917,473.6352925873322,175.8459127392897,24.48786997619267,8.657769458490149,8.746290455368841e-08,2.2346958979680237e-08,1144.0973842929998,274.8419936319095,1061.450822858393,274.3813799860968,82.64656116965025,15.905338112964817,2.6495653903643285e-07,1.893131525370594e-08,2665.5892881371383,1191.9850493135514,-0.4232325347564607,0.671101719363577,-0.6473635960502283,3.75993757551901,1.4430584117222047,5.351265486131982,1.4659194329074323,-1.5913279106129723,-0.7736078243075765,valid,egm_isolation,0.6439393939393939,0.75,0.6439393939393939,150.0,2.0,3
1875.0186063685187,280.1779826002001,1691.3595813632521,279.1729296402953,183.65902482144503,23.71027815047171,1.8382152229800364e-07,1.5474673346892513e-08,6130.5092839226,806.0950213660137,5652.995818552781,805.1878802597224,477.51346453575707,38.23167474659086,8.340615371676694e-07,7.009642074286825e-08,530.8687449513918,179.07290981763367,506.38087488773624,178.86349560085756,24.48786997619267,8.657769458490149,8.746290455368841e-08,2.2346958979680237e-08,1144.2846608663936,274.84202466656257,1061.6380994279834,274.38141107284883,82.64656116965025,15.905338112964817,2.687597429460467e-07,1.905823052020395e-08,2844.131255770491,1235.6896916443407,-0.5168549507244204,0.6969160931694723,-0.7648543637751009,3.531981538186434,1.3030737417964975,5.357503682065347,1.4670079468954635,-1.8255221438789127,-0.9303585207781485,valid,egm_isolation,0.6515151515151515,0.75,0.6515151515151515,150.0,2.0,3
1897.8647847440054,280.4680646689369,1714.2057597374712,279.4640549501246,183.65902482144503,23.71027815047171,1.850892569345416e-07,1.552651494385342e-08,6132.018182053955,806.0955737844271,5654.5047166816,805.1884333005012,477.51346453575707,38.23167474659086,8.365970064407453e-07,7.01193447144122e-08,530.8713462055373,179.07290983652686,506.383476140614,178.86349561977286,24.48786997619267,8.657769458490149,8.873063919022636e-08,2.2382889151049943e-08,1144.292310641024,274.8420247020778,1061.6457492013462,274.3814111084237,82.64656116965025,15.905338112964817,2.7002747758258465e-07,1.910034820808017e-08,2844.82620130534,1235.9576724914145,-0.4989614772208686,0.6878795864891313,-0.7471799566044729,3.574999476444166,1.3165669479530437,5.358786496274579,1.4672686435940552,-1.783787019830413,-0.9048549863177017,valid,egm_isolation,0.6590909090909091,0.75,0.6590909090909091,150.0,2.0,3
1901.708155559625,280.4855630329844,1714.9881468047988,279.4648531720187,186.7200085684691,23.907047318150386,1.8635699157107954e-07,1.5578184021585494e-08,6135.181908474649,806.1013907999746,5654.607459351468,805.1884386118722,480.57444828278113,38.35401641847512,8.404002103503591e-07,7.015371662645251e-08,530.9636838638937,179.07293364315007,506.4758137989704,178.86351945426898,24.48786997619267,8.657769458490149,8.873063919022636e-08,2.2382889151049943e-08,1144.2949118951694,274.84202471438766,1061.6483504542239,274.3814111207542,82.64656116965025,15.905338112964817,2.712952122191226e-07,1.9142373227439417e-08,2846.782550054058,1236.6196426372435,-0.4969607937640259,0.6867284445729782,-0.7453091272014379,3.5816162448637554,1.318395662757117,5.361539096869376,1.4678477332516964,-1.7799228520056207,-0.9021385715937204,valid,egm_isolation,0.6666666666666667,0.75,0.6666666666666667,150.0,2.0,3
1909.0636058197429,280.58192291233365,1722.3435970623814,279.56156487205186,186.7200085684691,23.907047318150386,1.8889246084415547e-07,1.568101143510002e-08,6135.877006406642,806.1016622520125,5655.302557280925,805.1887103716923,480.57444828278113,38.35401641847512,8.429356796234351e-07,7.01766218816634e-08,530.9661311340365,179.07293365987263,506.4782610665777,178.86351947101113,24.48786997619267,8.657769458490149,9.126610846330226e-08,2.2454577015957018e-08,1144.297513149315,274.84202472669745,1061.6509517071015,274.38141113308467,82.64656116965025,15.905338112964817,2.7256294685566055e-07,1.9184306187278895e-08,2847.1117325419827,1236.7455621555032,-0.49136556993838165,0.6839052868943076,-0.7396839699847355,3.5954526925142445,1.3227388915821963,5.362134353957995,1.4679699422686436,-1.7666816614437502,-0.894069904093768,valid,egm_isolation,0.6742424242424243,0.75,0.6742424242424243,150.0,2.0,3
1949.798965767403,282.57933544562724,1763.0789570087736,281.566215852364,186.7200085684691,23.907047318150386,1.9016019548069342e-07,1.573217310915487e-08,6150.772428257052,806.1687389918264,5670.197979127532,805.2558631591843,480.57444828278113,38.35401641847512,8.467388835330489e-07,7.021096575356297e-08,530.9661311340365,179.07293365987263,506.4782610665777,178.86351947101113,24.48786997619267,8.657769458490149,9.126610846330226e-08,2.2454577015957018e-08,1144.334170576664,274.8420263078709,1061.6876091319152,274.3814127169125,82.64656116965025,15.905338112964817,2.7509841612873645e-07,1.9267898331282095e-08,2853.931940240664,1239.4311076474194,-0.46370574112875884,0.6701324614988647,-0.7112236366179789,3.6721720114294785,1.3479791240480177,5.374979255541669,1.4706583577826209,-1.7028072441121909,-0.853552614797512,valid,egm_isolation,0.6818181818181819,0.75,0.6818181818181819,150.0,2.0,3
1965.1681528019399,282.77136767586336,1778.4481440433105,281.7589385730398,186.7200085684691,23.907047318150386,1.9016019548069342e-07,1.573217310915487e-08,6150.904178579637,806.1687448236904,5670.329729448849,805.2558689976595,480.57444828278113,38.35401641847512,8.48006618169587e-07,7.02224099782731e-08,530.9687323881819,179.07293367876582,506.48086231945535,178.86351948992643,24.48786997619267,8.657769458490149,9.253384309984021e-08,2.2490335259266885e-08,1144.3633322133855,274.84202785494335,1061.7167707686367,274.38141426658206,82.64656116965025,15.905338112964817,2.7509841612873645e-07,1.9267898331282095e-08,2853.934325582369,1239.416406769124,-0.4522596051199106,0.6644098357844432,-0.6991199548890608,3.701099580691015,1.357083338329232,5.3749574155638005,1.4706162857087728,-1.6738578348727855,-0.8364702970297111,valid,egm_isolation,0.6893939393939394,0.75,0.6893939393939394,150.0,2.0,3
1965.35527538626,282.7713978388793,1778.6352666276307,281.75896884443887,186.7200085684691,23.907047318150386,1.9016019548069342e-07,1.573217310915487e-08,6158.293992984768,806.2022763486785,5677.719543848909,805.2894385339736,480.57444828278113,38.35401641847512,8.530775567157388e-07,7.026816823848037e-08,530.9687323881819,179.07293367876582,506.48086231945535,178.86351948992643,24.48786997619267,8.657769458490149,9.253384309984021e-08,2.2490335259266885e-08,1144.3683807338705,274.84202787814877,1061.7218192891216,274.3814142898264,82.64656116965025,15.905338112964817,2.7509841612873645e-07,1.9267898331282095e-08,2857.350491484178,1240.7674566779403,-0.4538595272158159,0.6650715307248585,-0.7009336939654686,3.7014519980235354,1.3571926824012506,5.381391251858535,1.4719803900896855,-1.6799392538349993,-0.8390578309126758,valid,egm_isolation,0.696969696969697,0.75,0.696969696969697,150.0,2.0,3
1976.435198415994,282.8843124528467,1786.6542059103406,281.8556682043985,189.7809923154932,24.102210126289812,1.9016019548069342e-07,1.573217310915487e-08,6166.437032836974,806.2360826382483,5685.8625836795745,805.3232831431361,480.57444828278113,38.35401641847512,8.746182601694534e-07,7.314516992503523e-08,531.7245590716658,179.07417703839053,507.2366890029392,178.8647643052719,24.48786997619267,8.657769458490149,9.253384309984021e-08,2.2490335259266885e-08,1144.3809250437153,274.84202793545506,1061.7343635976988,274.38141434722894,82.64656116965025,15.905338112964817,2.763661507652744e-07,1.9309558700635846e-08,2865.1701025191237,1242.952919790429,-0.44966559228220726,0.6622306316379616,-0.6971905654959717,3.717028233314328,1.3601810865152983,5.388447935377302,1.4734666714905686,-1.6714197020629742,-0.8335043346716685,valid,egm_isolation,0.7045454545454546,0.75,0.7045454545454546,150.0,2.0,3
1977.2200327509286,282.88510103432566,1787.4390402452752,281.85645966383106,189.7809923154932,24.102210126289812,1.9016019548069342e-07,1.573217310915487e-08,6174.038082937589,806.2696224608588,5693.463633780189,805.3568609801168,480.57444828278113,38.35401641847512,8.746182601694534e-07,7.316713870023643e-08,539.1989073714482,179.22509491448744,514.7110373027217,179.0158587251718,24.48786997619267,8.657769458490149,9.253384309984021e-08,2.2490335259266885e-08,1145.0494625893277,274.8428225583545,1062.4029011433113,274.3822103040855,82.64656116965025,15.905338112964817,2.763661507652744e-07,1.9309558700635846e-08,2907.328195990445,1250.9989290773262,-0.4704120673638159,0.6667641952874614,-0.7251829105721873,3.6669585299972494,1.3269815458798746,5.391940073030635,1.473359910797527,-1.7249815430333855,-0.8699533275167991,valid,egm_isolation,0.7121212121212122,0.75,0.7121212121212122,150.0,2.0,3
1992.6261851846232,283.07692737891455,1802.8451926751666,282.0489856058969,189.7809923154932,24.102210126289812,1.939633993903073e-07,1.588466946657845e-08,6190.165543928289,806.3372216208353,5709.591094765818,805.4245367480304,480.57444828278113,38.35401641847512,8.796891987156052e-07,7.321105647383015e-08,539.9812944387758,179.2263395720583,515.4934243700493,179.01710483750534,24.48786997619267,8.657769458490149,9.253384309984021e-08,2.2490335259266885e-08,1145.0520638409378,274.8428225706643,1062.405502396189,274.382210316416,82.64656116965025,15.905338112964817,2.7509841612873645e-07,1.935112938104594e-08,2919.1455207621298,1254.7107674976808,-0.46497398381405963,0.6631786625156079,-0.7203276262238776,3.690176318525329,1.3322882583346536,5.406012302326352,1.476352610431734,-1.715835983801023,-0.8628275316207024,valid,egm_isolation,0.7196969696969697,0.75,0.7196969696969697,150.0,2.0,3
1995.87184424836,283.0935066162294,1803.0298679918794,282.0490158355489,192.84197606251726,24.295805285509118,1.939633993903073e-07,1.588466946657845e-08,6216.004285738922,806.4438704780483,5732.368852825624,805.5254906175763,483.6354320298052,38.47596908367878,8.83492402625219e-07,7.324397752266312e-08,539.9837417063831,179.22633958876654,515.4958716376566,179.01710485423314,24.48786997619267,8.657769458490149,9.253384309984021e-08,2.2490335259266885e-08,1153.073450391255,274.9419544181377,1070.426888946506,274.4815085188391,82.64656116965025,15.905338112964817,2.7509841612873645e-07,1.935112938104594e-08,2910.9518145069524,1248.1542113629318,-0.45848633663310623,0.658696166429201,-0.714986774485121,3.6961702549437465,1.3341234796806525,5.39081381470516,1.4633506354165446,-1.6946435597614133,-0.8557844844223375,valid,egm_isolation,0.7272727272727273,0.75,0.7272727272727273,150.0,2.0,3
2028.7755414816334,284.97774426886207,1835.9335652251527,283.9401848525453,192.84197606251726,24.295805285509118,1.939633993903073e-07,1.588466946657845e-08,6224.17113071655,806.4776671587273,5740.5356978019845,805.5593258282439,483.6354320298052,38.47596908367878,8.84760137261757e-07,7.325494791786463e-08,539.9837417063831,179.22633958876654,515.4958716376566,179.01710485423314,24.48786997619267,8.657769458490149,9.253384309984021e-08,2.2490335259266885e-08,1161.0920817046915,275.0410505222394,1078.445520258675,274.58077079775506,82.64656116965025,15.905338112964817,2.763661507652744e-07,1.9392610949293483e-08,2894.6465738106594,1238.5106826840145,-0.4267948891461264,0.6425292026417728,-0.6813192742822584,3.7571048622141348,1.354100824758938,5.360618015393189,1.4473832135482678,-1.6035131531790539,-0.8090190524210495,valid,egm_isolation,0.7348484848484849,0.75,0.7348484848484849,150.0,2.0,3
2028.8704803928674,284.97775924022324,1836.0285041363868,283.94019987861395,192.84197606251726,24.295805285509118,1.939633993903073e-07,1.588466946657845e-08,6233.032877853877,806.5117374335226,5749.397444935508,805.5934349416654,483.6354320298052,38.47596908367878,8.88563341171371e-07,7.328784925057558e-08,540.64707674624,179.22755809591473,516.1592066775136,179.01832478555968,24.48786997619267,8.657769458490149,9.253384309984021e-08,2.2490335259266885e-08,1172.9226289146893,275.15794657008774,1087.2150837191134,274.680807772731,85.70754491667435,16.197203523672744,2.7890162003835036e-07,1.9475309025738552e-08,2873.0548133367156,1224.5816319221908,-0.4160858670388765,0.6355074546239206,-0.671424381384972,3.7526707674129254,1.351093679083259,5.3141040373833786,1.4237025771635785,-1.5614332699704532,-0.7955339001920301,valid,egm_isolation,0.7424242424242424,0.75,0.7424242424242424,150.0,2.0,3
2036.8868184226994,285.07336674876984,1844.0448421662188,284.0361566332837,192.84197606251726,24.295805285509118,1.939633993903073e-07,1.588466946657845e-08,6236.191247779743,806.5175514386142,5749.494831114351,805.5934402414844,486.6964157768293,38.597536429515166,8.88563341171371e-07,7.328784925057558e-08,540.7130497930456,179.22756289518853,516.2251797243191,179.01832959044276,24.48786997619267,8.657769458490149,9.253384309984021e-08,2.2490335259266885e-08,1173.5835166882068,275.1587402451806,1087.875971491363,274.68160282648614,85.70754491667435,16.197203523672744,2.801693546748883e-07,1.951652665708454e-08,2873.2424584449413,1224.3070787007734,-0.4106048664352835,0.6326593636559059,-0.6653278404618873,3.7670383934737743,1.355383896317449,5.3138026898826585,1.4228445110592447,-1.5467642964088841,-0.7871240724954868,valid,egm_isolation,0.75,0.75,0.75,150.0,2.0,3
